########## STEM v ##########
[sup] NT/v: 21/260 (22:51)
Server starten: /home/maarten/Documents/GitHub/website-open-bijbelvertaling/.venv-higgs-v3/bin/sgl-omni serve --model-path bosonai/higgs-audio-v3-tts-4b --port 8765 --host 127.0.0.1 --model-name higgs-audio-v3-tts
Wachten op server (max 360s)...
[server] WARNING:sglang_omni.models.higgs_tts._vendored.higgs_audio_v2_tokenizer_hf:Could not determine semantic model type from config architecture. Defaulting to `HubertConfig`.
[server] WARNING:sglang.srt.models.registry:Ignore import error when loading sglang.srt.models.glmasr: cannot import name 'GlmAsrConfig' from 'transformers' (/home/maarten/Documents/GitHub/website-open-bijbelvertaling/.venv-higgs-v3/lib/python3.12/site-packages/transformers/__init__.py)
[server] [Gloo] Rank 0 is connected to 0 peer ranks. Expected number of connected peer ranks is : 0
[server] [Gloo] Rank 0 is connected to 0 peer ranks. Expected number of connected peer ranks is : 0
[server] [Gloo] Rank 0 is connected to 0 peer ranks. Expected number of connected peer ranks is : 0
[server] [Gloo] Rank 0 is connected to 0 peer ranks. Expected number of connected peer ranks is : 0
[server] 
[server] Loading safetensors checkpoint shards:   0% Completed | 0/1 [00:00<?, ?it/s]
Server luistert op poort.

=== mattheus 1 stem v (25 verzen) ===
  intro (2.25s)
  h1 kopje (2.65s)
  v1 (7.05s)
  v2 (5.93s)
  v3 (6.57s)
  v4 (6.93s)
  v5 (6.65s)
  v6 (8.13s)
  v7 (6.05s)
  v8 (6.33s)
  v9 (5.85s)
  v10 (5.45s)
  v11 (5.53s)
  v12 (7.05s)
  v13 (6.33s)
  v14 (6.17s)
  v15 (6.09s)
  v16 (7.17s)
  v17 (13.33s)
  h18 kopje (1.37s)
  v18 (11.37s)
  v19 (8.05s)
  v20 (14.89s)
  v21 (7.05s)
  v22 (6.97s)
  v23 (9.89s)
  v24 (8.09s)
  v25 (6.69s)
  manifest.json (28 segmenten)

=== mattheus 2 stem v (23 verzen) ===
  intro (2.41s)
  h1 kopje (1.53s)
  v1 (10.13s)
  v2 (8.49s)
  v3 (5.93s)
  v4 (7.45s)
  v5 (6.29s)
  v6 (10.77s)
  v7 (6.93s)
  v8 (10.69s)
  v9 (12.65s)
  v10 (4.21s)
  v11 (14.37s)
  v12 (8.65s)
  h13 kopje (2.09s)
  v13 (16.49s)
  v14 (5.73s)
  v15 (9.17s)
  h16 kopje (1.53s)
  v16 (18.25s)
  v17 (4.49s)
  v18 (10.49s)
  h19 kopje (1.53s)
  v19 (6.29s)
  v20 (9.33s)
  v21 (6.89s)
  v22 (13.53s)
  v23 (10.73s)
  manifest.json (28 segmenten)

=== mattheus 3 stem v (17 verzen) ===
  intro (2.49s)
  h1 kopje (1.93s)
  v1 (4.37s)
  v2 (4.57s)
  v3 (11.13s)
  v4 (7.57s)
  v5 (5.81s)
  v6 (3.25s)
  v7 (10.13s)
  v8 (2.73s)
  v9 (9.13s)
  v10 (9.01s)
  v11 (10.85s)
  v12 (9.45s)
  h13 kopje (1.25s)
  v13 (5.05s)
  v14 (6.45s)
  v15 (8.17s)
  v16 (12.53s)
  v17 (7.05s)
  manifest.json (20 segmenten)

=== mattheus 4 stem v (25 verzen) ===
  intro (2.65s)
  h1 kopje (1.61s)
  v1 (4.69s)
  v2 (4.37s)
  v3 (6.65s)
  v4 (9.45s)
  v5 (4.93s)
  v6 (13.57s)
  v7 (5.65s)
  v8 (7.17s)
  v9 (6.17s)
  v10 (9.01s)
  v11 (5.41s)
  h12 kopje (2.17s)
  v12 (6.09s)
  v13 (9.65s)
  v14 (4.21s)
  v15 (6.05s)
  v16 (9.41s)
  v17 (7.01s)
  h18 kopje (1.77s)
  v18 (13.29s)
  v19 (4.77s)
  v20 (3.77s)
  v21 (14.61s)
  v22 (4.53s)
  h23 kopje (1.57s)
  v23 (10.37s)
  v24 (15.29s)
  v25 (8.93s)
  manifest.json (30 segmenten)

=== mattheus 5 stem v (48 verzen) ===
  intro (2.33s)
  h1 kopje (1.37s)
  v1 (7.33s)
  v2 (3.69s)
  v3 (4.53s)
  v4 (3.25s)
  v5 (3.37s)
  v6 (4.69s)
  v7 (4.01s)
  v8 (3.41s)
  v9 (4.33s)
  v10 (6.13s)
  v11 (7.17s)
  v12 (7.65s)
  h13 kopje (0.89s)
  v13 (11.01s)
  v14 (5.57s)
  v15 (7.33s)
  v16 (7.45s)
  h17 kopje (1.37s)
  v17 (8.21s)
  v18 (9.97s)
  v19 (14.93s)
  v20 (11.93s)
  h21 kopje (1.61s)
  v21 (7.97s)
  v22 (16.17s)
  v23 (6.45s)
  v24 (7.25s)
  v25 (13.53s)
  v26 (6.81s)
  h27 kopje (2.13s)
  v27 (4.09s)
  v28 (7.29s)
  v29 (10.97s)
  v30 (10.17s)
  v31 (5.13s)
  v32 (12.05s)
  h33 kopje (1.33s)
  v33 (7.05s)
  v34 (6.37s)
  v35 (9.21s)
  v36 (4.49s)
  v37 (6.53s)
  h38 kopje (2.05s)
  v38 (4.93s)
  v39 (8.33s)
  v40 (4.53s)
  v41 (3.89s)
  v42 (5.33s)
  v43 (5.77s)
  v44 (10.97s)
  v45 (10.61s)
  v46 (6.49s)
  v47 (4.93s)
  v48 (4.85s)
  manifest.json (56 segmenten)

=== mattheus 6 stem v (34 verzen) ===
  intro (2.49s)
  h1 kopje (1.81s)
  v1 (9.49s)
  v2 (13.09s)
  v3 (4.61s)
  v4 (7.61s)
  h5 kopje (1.97s)
  v5 (14.13s)
  v6 (12.69s)
  v7 (9.13s)
  v8 (5.13s)
  v9 (6.01s)
  v10 (5.41s)
  v11 (2.33s)
  v12 (4.05s)
  v13 (9.77s)
  v14 (5.13s)
  v15 (5.29s)
  h16 kopje (1.25s)
  v16 (13.37s)
  v17 (3.85s)
  v18 (11.65s)
  h19 kopje (3.05s)
  v19 (6.97s)
  v20 (6.93s)
  v21 (2.85s)
  v22 (6.13s)
  v23 (10.21s)
  v24 (10.29s)
  h25 kopje (2.45s)
  v25 (13.33s)
  v26 (10.89s)
  v27 (3.65s)
  v28 (7.57s)
  v29 (6.97s)
  v30 (8.49s)
  v31 (6.49s)
  v32 (6.01s)
  v33 (6.01s)
  v34 (6.93s)
  manifest.json (40 segmenten)

=== mattheus 7 stem v (29 verzen) ===
  intro (2.41s)
  h1 kopje (1.05s)
  v1 (2.61s)
  v2 (7.33s)
  v3 (6.29s)
  v4 (8.05s)
  v5 (7.33s)
  v6 (10.21s)
  h7 kopje (1.17s)
  v7 (6.45s)
  v8 (6.93s)
  v9 (5.33s)
  v10 (3.65s)
  v11 (10.41s)
  v12 (7.09s)
  h13 kopje (0.97s)
  v13 (8.69s)
  v14 (6.65s)
  h15 kopje (1.33s)
  v15 (7.25s)
  v16 (5.77s)
  v17 (5.73s)
  v18 (5.73s)
  v19 (5.29s)
  v20 (2.45s)
  h21 kopje (1.17s)
  v21 (9.05s)
  v22 (10.41s)
  v23 (7.85s)
  v24 (8.01s)
  v25 (10.85s)
  v26 (8.49s)
  v27 (10.25s)
  v28 (6.09s)
  v29 (4.21s)
  manifest.json (35 segmenten)

=== mattheus 8 stem v (34 verzen) ===
  intro (2.25s)
  h1 kopje (1.37s)
  v1 (4.29s)
  v2 (7.29s)
  v3 (9.53s)
  v4 (11.21s)
  h5 kopje (1.29s)
  v5 (6.21s)
  v6 (4.93s)
  v7 (3.21s)
  v8 (10.21s)
  v9 (14.61s)
  v10 (11.13s)
  v11 (11.01s)
  v12 (7.29s)
  v13 (9.25s)
  h14 kopje (2.81s)
  v14 (6.29s)
  v15 (5.21s)
  v16 (11.01s)
  v17 (9.57s)
  h18 kopje (1.53s)
  v18 (5.77s)
  v19 (7.65s)
  v20 (8.77s)
  v21 (7.09s)
  v22 (4.85s)
  h23 kopje (1.37s)
  v23 (4.13s)
  v24 (7.49s)
  v25 (7.45s)
  v26 (8.93s)
  v27 (6.45s)
  h28 kopje (3.41s)
  v28 (13.25s)
  v29 (8.61s)
  v30 (3.73s)
  v31 (6.77s)
  v32 (11.17s)
  v33 (7.85s)
  v34 (8.33s)
  manifest.json (41 segmenten)

=== mattheus 9 stem v (38 verzen) ===
  intro (2.25s)
  h1 kopje (1.65s)
  v1 (8.37s)
  v2 (7.41s)
  v3 (4.81s)
  v4 (4.89s)
  v5 (5.49s)
  v6 (11.65s)
  v7 (2.77s)
  v8 (6.65s)
  h9 kopje (1.57s)
  v9 (10.29s)
  v10 (9.41s)
  v11 (7.01s)
  v12 (6.09s)
  v13 (10.09s)
  h14 kopje (1.49s)
  v14 (7.65s)
  v15 (12.21s)
  v16 (7.89s)
  v17 (13.33s)
  h18 kopje (2.81s)
  v18 (11.45s)
  v19 (3.65s)
  v20 (7.53s)
  v21 (5.49s)
  v22 (9.69s)
  v23 (4.85s)
  v24 (6.97s)
  v25 (5.65s)
  v26 (2.65s)
  h27 kopje (1.73s)
  v27 (7.81s)
  v28 (9.73s)
  v29 (4.21s)
  v30 (6.65s)
  v31 (4.77s)
  h32 kopje (1.97s)
  v32 (6.89s)
  v33 (7.33s)
  v34 (4.53s)
  h35 kopje (1.29s)
  v35 (10.53s)
  v36 (9.41s)
  v37 (5.13s)
  v38 (4.37s)
  manifest.json (46 segmenten)

=== mattheus 10 stem v (42 verzen) ===
  intro (2.41s)
  h1 kopje (2.17s)
  v1 (9.93s)
  v2 (12.09s)
  v3 (9.77s)
  v4 (4.85s)
  v5 (10.29s)
  v6 (4.21s)
  v7 (5.05s)
  v8 (8.01s)
  v9 (4.29s)
  v10 (6.93s)
  v11 (8.09s)
  v12 (2.49s)
  v13 (7.05s)
  v14 (7.73s)
  v15 (7.21s)
  h16 kopje (1.49s)
  v16 (8.09s)
  v17 (8.17s)
  v18 (7.05s)
  v19 (9.17s)
  v20 (5.37s)
  v21 (8.65s)
  v22 (6.37s)
  v23 (10.89s)
  v24 (4.41s)
  v25 (11.41s)
  v26 (7.21s)
  v27 (6.09s)
  v28 (8.81s)
  v29 (6.13s)
  v30 (3.09s)
  v31 (2.93s)
  h32 kopje (1.65s)
  v32 (6.97s)
  v33 (6.77s)
  v34 (7.77s)
  v35 (9.33s)
  v36 (3.57s)
  v37 (8.01s)
  v38 (4.37s)
  v39 (7.13s)
  v40 (6.17s)
  v41 (10.73s)
  v42 (9.69s)
  manifest.json (46 segmenten)

=== mattheus 11 stem v (30 verzen) ===
  intro (2.61s)
  h1 kopje (2.01s)
  v1 (10.01s)
  v2 (5.93s)
  v3 (4.33s)
  v4 (6.09s)
  v5 (10.89s)
  v6 (2.93s)
  h7 kopje (1.93s)
  v7 (11.45s)
  v8 (8.89s)
  v9 (6.97s)
  v10 (8.25s)
  v11 (11.61s)
  v12 (8.65s)
  v13 (3.57s)
  v14 (3.89s)
  v15 (2.85s)
  v16 (7.21s)
  v17 (7.69s)
  v18 (5.89s)
  v19 (14.25s)
  h20 kopje (2.09s)
  v20 (6.93s)
  v21 (11.97s)
  v22 (6.05s)
  v23 (13.33s)
  v24 (6.29s)
  h25 kopje (1.29s)
  v25 (12.09s)
  v26 (4.25s)
  v27 (9.65s)
  v28 (5.09s)
  v29 (7.61s)
  v30 (2.93s)
  manifest.json (35 segmenten)

=== mattheus 12 stem v (50 verzen) ===
  intro (2.89s)
  h1 kopje (1.57s)
  v1 (8.41s)
  v2 (7.49s)
  v3 (6.65s)
  v4 (10.85s)
  v5 (7.57s)
  v6 (4.57s)
  v7 (7.77s)
  v8 (3.25s)
  h9 kopje (2.73s)
  v9 (2.97s)
  v10 (11.25s)
  v11 (9.81s)
  v12 (5.77s)
  v13 (7.45s)
  h14 kopje (1.77s)
  v14 (5.97s)
  v15 (6.05s)
  v16 (3.93s)
  v17 (4.21s)
  v18 (11.49s)
  v19 (5.53s)
  v20 (7.73s)
  v21 (2.09s)
  h22 kopje (3.77s)
  v22 (9.05s)
  v23 (5.25s)
  v24 (8.41s)
  v25 (12.65s)
  v26 (6.61s)
  v27 (7.17s)
  v28 (6.29s)
  v29 (9.29s)
  v30 (5.65s)
  h31 kopje (1.61s)
  v31 (8.25s)
  v32 (12.65s)
  v33 (7.49s)
  v34 (7.05s)
  v35 (7.13s)
  v36 (9.09s)
  v37 (4.45s)
  h38 kopje (1.45s)
  v38 (6.41s)
  v39 (9.77s)
  v40 (8.81s)
  v41 (11.69s)
  v42 (12.97s)
  v43 (7.09s)
  v44 (9.29s)
  v45 (14.09s)
  h46 kopje (2.29s)
  v46 (6.57s)
  v47 (5.65s)
  v48 (6.21s)
  v49 (5.73s)
  v50 (7.33s)
  manifest.json (58 segmenten)

=== mattheus 13 stem v (58 verzen) ===
  intro (3.89s)
  h1 kopje (1.49s)
  v1 (4.13s)
  v2 (7.29s)
  v3 (6.53s)
  v4 (5.29s)
  v5 (7.97s)
  v6 (5.93s)
  v7 (5.45s)
  v8 (7.61s)
  v9 (2.53s)
  h10 kopje (1.77s)
  v10 (5.45s)
  v11 (9.25s)
  v12 (8.37s)
  v13 (7.21s)
  v14 (10.25s)
  v15 (15.49s)
  v16 (4.65s)
  v17 (11.85s)
  h18 kopje (2.09s)
  v18 (2.45s)
  v19 (11.21s)
  v20 (7.45s)
  v21 (8.77s)
  v22 (10.81s)
  v23 (11.89s)
  h24 kopje (1.77s)
  v24 (8.65s)
  v25 (5.61s)
  v26 (6.41s)
  v27 (8.53s)
  v28 (8.49s)
  v29 (7.81s)
  v30 (13.09s)
  h31 kopje (2.17s)
  v31 (9.85s)
  v32 (11.41s)
  v33 (11.81s)
  v34 (6.57s)
  v35 (11.17s)
  h36 kopje (2.53s)
  v36 (10.05s)
  v37 (6.01s)
  v38 (7.13s)
  v39 (9.65s)
  v40 (7.09s)
  v41 (8.97s)
  v42 (6.21s)
  v43 (7.65s)
  h44 kopje (1.37s)
  v44 (12.93s)
  v45 (5.17s)
  v46 (6.65s)
  h47 kopje (1.57s)
  v47 (7.45s)
  v48 (8.77s)
  v49 (7.41s)
  v50 (6.29s)
  v51 (5.21s)
  v52 (11.65s)
  h53 kopje (2.09s)
  v53 (5.09s)
  v54 (10.01s)
  v55 (8.17s)
  v56 (4.97s)
  v57 (8.09s)
  v58 (3.69s)
  manifest.json (68 segmenten)

=== mattheus 14 stem v (36 verzen) ===
  intro (2.25s)
  h1 kopje (1.97s)
  v1 (4.69s)
  v2 (7.01s)
  v3 (8.85s)
  v4 (3.49s)
  v5 (4.53s)
  v6 (7.97s)
  v7 (3.97s)
  v8 (6.97s)
  v9 (8.01s)
  v10 (3.37s)
  v11 (5.33s)
  v12 (7.17s)
  h13 kopje (1.77s)
  v13 (8.93s)
  v14 (6.93s)
  v15 (12.25s)
  v16 (5.21s)
  v17 (4.65s)
  v18 (2.81s)
  v19 (14.77s)
  v20 (6.97s)
  v21 (4.85s)
  h22 kopje (1.69s)
  v22 (7.93s)
  v23 (8.97s)
  v24 (5.77s)
  v25 (5.01s)
  v26 (7.25s)
  v27 (5.53s)
  v28 (6.05s)
  v29 (7.09s)
  v30 (8.01s)
  v31 (7.93s)
  v32 (2.93s)
  v33 (5.53s)
  h34 kopje (1.01s)
  v34 (3.69s)
  v35 (8.25s)
  v36 (7.57s)
  manifest.json (41 segmenten)

=== mattheus 15 stem v (39 verzen) ===
  intro (3.97s)
  h1 kopje (1.81s)
  v1 (5.77s)
  v2 (6.77s)
  v3 (6.33s)
  v4 (7.45s)
  v5 (11.01s)
  v6 (3.77s)
  v7 (4.25s)
  v8 (6.01s)
  v9 (5.29s)
  h10 kopje (2.05s)
  v10 (4.69s)
  v11 (6.17s)
  v12 (7.93s)
  v13 (7.37s)
  v14 (7.97s)
  v15 (4.09s)
  v16 (3.25s)
  v17 (5.77s)
  v18 (5.61s)
  v19 (10.77s)
  v20 (6.41s)
  h21 kopje (1.33s)
  v21 (3.77s)
  v22 (11.93s)
  v23 (10.25s)
  v24 (6.37s)
  v25 (3.93s)
  v26 (6.73s)
  v27 (6.21s)
  v28 (9.61s)
  h29 kopje (2.85s)
  v29 (6.57s)
  v30 (11.49s)
  v31 (9.85s)
  v32 (16.33s)
  v33 (7.77s)
  v34 (6.81s)
  v35 (2.49s)
  v36 (8.73s)
  v37 (6.77s)
  v38 (4.93s)
  v39 (5.25s)
  manifest.json (44 segmenten)

=== mattheus 16 stem v (28 verzen) ===
  intro (2.25s)
  h1 kopje (1.77s)
  v1 (8.73s)
  v2 (6.81s)
  v3 (12.37s)
  v4 (10.09s)
  h5 kopje (2.33s)
  v5 (5.41s)
  v6 (6.45s)
  v7 (5.25s)
  v8 (7.69s)
  v9 (6.61s)
  v10 (4.65s)
  v11 (8.41s)
  v12 (7.97s)
  h13 kopje (1.69s)
  v13 (9.57s)
  v14 (7.93s)
  v15 (3.73s)
  v16 (5.65s)
  v17 (10.05s)
  v18 (9.61s)
  v19 (12.81s)
  v20 (5.81s)
  h21 kopje (1.97s)
  v21 (12.77s)
  v22 (8.97s)
  v23 (10.77s)
  h24 kopje (1.61s)
  v24 (8.13s)
  v25 (8.69s)
  v26 (9.77s)
  v27 (6.37s)
  v28 (9.25s)
  manifest.json (34 segmenten)

=== mattheus 17 stem v (27 verzen) ===
  intro (5.77s)
  h1 kopje (1.53s)
  v1 (8.05s)
  v2 (8.37s)
  v3 (5.05s)
  v4 (13.37s)
  v5 (12.61s)
  v6 (5.05s)
  v7 (5.65s)
  v8 (3.89s)
  v9 (8.89s)
  v10 (5.61s)
  v11 (6.01s)
  v12 (10.97s)
  v13 (3.97s)
  h14 kopje (1.85s)
  v14 (6.41s)
  v15 (9.17s)
  v16 (4.09s)
  v17 (10.85s)
  v18 (5.81s)
  v19 (5.69s)
  v20 (15.45s)
  v21 (3.85s)
  h22 kopje (1.93s)
  v22 (7.05s)
  v23 (5.89s)
  h24 kopje (1.41s)
  v24 (8.89s)
  v25 (13.45s)
  v26 (5.45s)
  v27 (15.33s)
  manifest.json (32 segmenten)

=== mattheus 18 stem v (35 verzen) ===
  intro (3.05s)
  h1 kopje (1.65s)
  v1 (5.81s)
  v2 (4.09s)
  v3 (8.73s)
  v4 (5.81s)
  v5 (4.05s)
  h6 kopje (1.85s)
  v6 (10.81s)
  v7 (9.45s)
  v8 (13.85s)
  v9 (12.53s)
  h10 kopje (1.21s)
  v10 (10.45s)
  v11 (4.25s)
  v12 (10.73s)
  v13 (10.97s)
  v14 (6.01s)
  h15 kopje (1.37s)
  v15 (8.69s)
  v16 (6.33s)
  v17 (8.89s)
  v18 (9.65s)
  v19 (10.69s)
  v20 (4.69s)
  h21 kopje (2.61s)
  v21 (8.37s)
  v22 (6.29s)
  v23 (6.45s)
  v24 (6.01s)
  v25 (9.37s)
  v26 (7.97s)
  v27 (7.21s)
  v28 (12.69s)
  v29 (8.61s)
  v30 (6.05s)
  v31 (9.17s)
  v32 (8.25s)
  v33 (5.21s)
  v34 (7.37s)
  v35 (5.93s)
  manifest.json (41 segmenten)

=== mattheus 19 stem v (30 verzen) ===
  intro (2.53s)
  h1 kopje (1.85s)
  v1 (8.01s)
  v2 (3.57s)
  v3 (8.53s)
  v4 (8.49s)
  v5 (7.85s)
  v6 (6.25s)
  v7 (5.41s)
  v8 (8.85s)
  v9 (10.89s)
  v10 (7.05s)
  v11 (4.57s)
  v12 (14.49s)
  h13 kopje (1.89s)
  v13 (6.77s)
  v14 (8.13s)
  v15 (3.33s)
  h16 kopje (1.29s)
  v16 (8.49s)
  v17 (9.05s)
  v18 (10.61s)
  v19 (4.77s)
  v20 (5.69s)
  v21 (11.01s)
  v22 (4.77s)
  h23 kopje (1.49s)
  v23 (7.81s)
  v24 (7.89s)
  v25 (6.17s)
  v26 (6.53s)
  v27 (7.41s)
  v28 (16.65s)
  v29 (12.73s)
  v30 (4.25s)
  manifest.json (35 segmenten)

=== mattheus 20 stem v (34 verzen) ===
  intro (2.73s)
  h1 kopje (2.01s)
  v1 (8.17s)
  v2 (6.57s)
  v3 (5.29s)
  v4 (7.01s)
  v5 (4.73s)
  v6 (8.25s)
  v7 (9.13s)
  v8 (9.53s)
  v9 (4.81s)
  v10 (5.77s)
  v11 (3.61s)
  v12 (8.97s)
  v13 (7.97s)
  v14 (4.89s)
  v15 (7.33s)
  v16 (6.89s)
  h17 kopje (1.73s)
  v17 (6.61s)
  v18 (9.85s)
  v19 (8.77s)
  h20 kopje (2.53s)
  v20 (6.97s)
  v21 (11.29s)
  v22 (12.69s)
  v23 (15.53s)
  v24 (4.53s)
  v25 (9.09s)
  v26 (5.57s)
  v27 (3.97s)
  v28 (7.49s)
  h29 kopje (1.81s)
  v29 (4.13s)
  v30 (11.61s)
  v31 (9.17s)
  v32 (5.05s)
  v33 (3.81s)
  v34 (8.45s)
  manifest.json (39 segmenten)

=== mattheus 21 stem v (46 verzen) ===
  intro (3.05s)
  h1 kopje (1.45s)
  v1 (8.69s)
  v2 (9.37s)
  v3 (6.25s)
  v4 (5.37s)
  v5 (10.17s)
  v6 (4.89s)
  v7 (5.21s)
  v8 (6.13s)
  v9 (12.37s)
  v10 (5.25s)
  v11 (5.25s)
  h12 kopje (1.65s)
  v12 (11.65s)
  v13 (8.13s)
  v14 (4.53s)
  v15 (11.85s)
  v16 (11.77s)
  v17 (5.33s)
  h18 kopje (1.49s)
  v18 (4.01s)
  v19 (12.37s)
  v20 (6.13s)
  v21 (15.93s)
  v22 (4.41s)
  h23 kopje (2.01s)
  v23 (10.77s)
  v24 (9.41s)
  v25 (14.21s)
  v26 (6.57s)
  v27 (8.53s)
  h28 kopje (1.73s)
  v28 (7.81s)
  v29 (5.57s)
  v30 (6.81s)
  v31 (13.33s)
  v32 (12.73s)
  h33 kopje (2.53s)
  v33 (14.21s)
  v34 (5.97s)
  v35 (7.01s)
  v36 (5.45s)
  v37 (4.89s)
  v38 (9.45s)
  v39 (4.69s)
  v40 (4.29s)
  v41 (9.45s)
  v42 (12.01s)
  v43 (7.29s)
  v44 (5.85s)
  v45 (6.25s)
  v46 (5.65s)
  manifest.json (53 segmenten)

=== mattheus 22 stem v (46 verzen) ===
  intro (4.41s)
  h1 kopje (2.13s)
  v1 (4.81s)
  v2 (5.13s)
  v3 (5.45s)
  v4 (13.45s)
  v5 (6.65s)
  v6 (3.97s)
  v7 (7.73s)
  v8 (6.01s)
  v9 (5.57s)
  v10 (9.73s)
  v11 (9.21s)
  v12 (6.69s)
  v13 (10.33s)
  v14 (3.01s)
  h15 kopje (1.61s)
  v15 (5.45s)
  v16 (14.21s)
  v17 (5.93s)
  v18 (2.61s)
  v19 (6.45s)
  v20 (4.53s)
  v21 (8.81s)
  v22 (5.57s)
  h23 kopje (1.49s)
  v23 (6.65s)
  v24 (9.85s)
  v25 (9.85s)
  v26 (3.65s)
  v27 (2.97s)
  v28 (5.45s)
  v29 (6.37s)
Traceback (most recent call last):
  File "/home/maarten/Documents/GitHub/website-open-bijbelvertaling/.venv-higgs-v3/lib/python3.12/site-packages/urllib3/connectionpool.py", line 534, in _make_request
    response = conn.getresponse()
               ^^^^^^^^^^^^^^^^^^
  File "/home/maarten/Documents/GitHub/website-open-bijbelvertaling/.venv-higgs-v3/lib/python3.12/site-packages/urllib3/connection.py", line 571, in getresponse
    httplib_response = super().getresponse()
                       ^^^^^^^^^^^^^^^^^^^^^
  File "/usr/lib/python3.12/http/client.py", line 1457, in getresponse
    response.begin()
  File "/usr/lib/python3.12/http/client.py", line 336, in begin
    version, status, reason = self._read_status()
                              ^^^^^^^^^^^^^^^^^^^
  File "/usr/lib/python3.12/http/client.py", line 297, in _read_status
    line = str(self.fp.readline(_MAXLINE + 1), "iso-8859-1")
               ^^^^^^^^^^^^^^^^^^^^^^^^^^^^^^
  File "/usr/lib/python3.12/socket.py", line 707, in readinto
    return self._sock.recv_into(b)
           ^^^^^^^^^^^^^^^^^^^^^^^
TimeoutError: timed out

The above exception was the direct cause of the following exception:

Traceback (most recent call last):
  File "/home/maarten/Documents/GitHub/website-open-bijbelvertaling/.venv-higgs-v3/lib/python3.12/site-packages/requests/adapters.py", line 696, in send
    resp = conn.urlopen(
           ^^^^^^^^^^^^^
  File "/home/maarten/Documents/GitHub/website-open-bijbelvertaling/.venv-higgs-v3/lib/python3.12/site-packages/urllib3/connectionpool.py", line 842, in urlopen
    retries = retries.increment(
              ^^^^^^^^^^^^^^^^^^
  File "/home/maarten/Documents/GitHub/website-open-bijbelvertaling/.venv-higgs-v3/lib/python3.12/site-packages/urllib3/util/retry.py", line 498, in increment
    raise reraise(type(error), error, _stacktrace)
          ^^^^^^^^^^^^^^^^^^^^^^^^^^^^^^^^^^^^^^^^
  File "/home/maarten/Documents/GitHub/website-open-bijbelvertaling/.venv-higgs-v3/lib/python3.12/site-packages/urllib3/util/util.py", line 39, in reraise
    raise value
  File "/home/maarten/Documents/GitHub/website-open-bijbelvertaling/.venv-higgs-v3/lib/python3.12/site-packages/urllib3/connectionpool.py", line 788, in urlopen
    response = self._make_request(
               ^^^^^^^^^^^^^^^^^^^
  File "/home/maarten/Documents/GitHub/website-open-bijbelvertaling/.venv-higgs-v3/lib/python3.12/site-packages/urllib3/connectionpool.py", line 536, in _make_request
    self._raise_timeout(err=e, url=url, timeout_value=read_timeout)
  File "/home/maarten/Documents/GitHub/website-open-bijbelvertaling/.venv-higgs-v3/lib/python3.12/site-packages/urllib3/connectionpool.py", line 367, in _raise_timeout
    raise ReadTimeoutError(
urllib3.exceptions.ReadTimeoutError: HTTPConnectionPool(host='127.0.0.1', port=8765): Read timed out. (read timeout=120)

During handling of the above exception, another exception occurred:

Traceback (most recent call last):
  File "<frozen runpy>", line 198, in _run_module_as_main
  File "<frozen runpy>", line 88, in _run_code
  File "/home/maarten/Documents/GitHub/website-open-bijbelvertaling/scripts/tts/generate_chunks.py", line 256, in <module>
    main()
  File "/home/maarten/Documents/GitHub/website-open-bijbelvertaling/scripts/tts/generate_chunks.py", line 244, in main
    generate_chapter(book, ch, args.voice, ref_audio, ref_text, args.force)
  File "/home/maarten/Documents/GitHub/website-open-bijbelvertaling/scripts/tts/generate_chunks.py", line 184, in generate_chapter
    d = synth(raw, outdir / f, ref_audio, ref_text)
        ^^^^^^^^^^^^^^^^^^^^^^^^^^^^^^^^^^^^^^^^^^^
  File "/home/maarten/Documents/GitHub/website-open-bijbelvertaling/scripts/tts/generate_chunks.py", line 115, in synth
    resp = requests.post(url, json=payload, headers={"Content-Type": "application/json"},
           ^^^^^^^^^^^^^^^^^^^^^^^^^^^^^^^^^^^^^^^^^^^^^^^^^^^^^^^^^^^^^^^^^^^^^^^^^^^^^^
  File "/home/maarten/Documents/GitHub/website-open-bijbelvertaling/.venv-higgs-v3/lib/python3.12/site-packages/requests/api.py", line 134, in post
    return request("post", url, data=data, json=json, **kwargs)
           ^^^^^^^^^^^^^^^^^^^^^^^^^^^^^^^^^^^^^^^^^^^^^^^^^^^^
  File "/home/maarten/Documents/GitHub/website-open-bijbelvertaling/.venv-higgs-v3/lib/python3.12/site-packages/requests/api.py", line 71, in request
    return session.request(method=method, url=url, **kwargs)
           ^^^^^^^^^^^^^^^^^^^^^^^^^^^^^^^^^^^^^^^^^^^^^^^^^
  File "/home/maarten/Documents/GitHub/website-open-bijbelvertaling/.venv-higgs-v3/lib/python3.12/site-packages/requests/sessions.py", line 651, in request
    resp = self.send(prep, **send_kwargs)
           ^^^^^^^^^^^^^^^^^^^^^^^^^^^^^^
  File "/home/maarten/Documents/GitHub/website-open-bijbelvertaling/.venv-higgs-v3/lib/python3.12/site-packages/requests/sessions.py", line 784, in send
    r = adapter.send(request, **kwargs)
        ^^^^^^^^^^^^^^^^^^^^^^^^^^^^^^^
  File "/home/maarten/Documents/GitHub/website-open-bijbelvertaling/.venv-higgs-v3/lib/python3.12/site-packages/requests/adapters.py", line 742, in send
    raise ReadTimeout(e, request=request)
requests.exceptions.ReadTimeout: HTTPConnectionPool(host='127.0.0.1', port=8765): Read timed out. (read timeout=120)
[sup] NT/v: 42/260 (23:31)
Server starten: /home/maarten/Documents/GitHub/website-open-bijbelvertaling/.venv-higgs-v3/bin/sgl-omni serve --model-path bosonai/higgs-audio-v3-tts-4b --port 8765 --host 127.0.0.1 --model-name higgs-audio-v3-tts
Wachten op server (max 360s)...
[server] WARNING:sglang_omni.models.higgs_tts._vendored.higgs_audio_v2_tokenizer_hf:Could not determine semantic model type from config architecture. Defaulting to `HubertConfig`.
[server] WARNING:sglang.srt.models.registry:Ignore import error when loading sglang.srt.models.glmasr: cannot import name 'GlmAsrConfig' from 'transformers' (/home/maarten/Documents/GitHub/website-open-bijbelvertaling/.venv-higgs-v3/lib/python3.12/site-packages/transformers/__init__.py)
[server] [Gloo] Rank 0 is connected to 0 peer ranks. Expected number of connected peer ranks is : 0
[server] [Gloo] Rank 0 is connected to 0 peer ranks. Expected number of connected peer ranks is : 0
[server] [Gloo] Rank 0 is connected to 0 peer ranks. Expected number of connected peer ranks is : 0
[server] [Gloo] Rank 0 is connected to 0 peer ranks. Expected number of connected peer ranks is : 0
[server] 
Server luistert op poort.
  overslaan (up-to-date): mattheus 1 v
  overslaan (up-to-date): mattheus 2 v
  overslaan (up-to-date): mattheus 3 v
  overslaan (up-to-date): mattheus 4 v
  overslaan (up-to-date): mattheus 5 v
  overslaan (up-to-date): mattheus 6 v
  overslaan (up-to-date): mattheus 7 v
  overslaan (up-to-date): mattheus 8 v
  overslaan (up-to-date): mattheus 9 v
  overslaan (up-to-date): mattheus 10 v
  overslaan (up-to-date): mattheus 11 v
  overslaan (up-to-date): mattheus 12 v
  overslaan (up-to-date): mattheus 13 v
  overslaan (up-to-date): mattheus 14 v
  overslaan (up-to-date): mattheus 15 v
  overslaan (up-to-date): mattheus 16 v
  overslaan (up-to-date): mattheus 17 v
  overslaan (up-to-date): mattheus 18 v
  overslaan (up-to-date): mattheus 19 v
  overslaan (up-to-date): mattheus 20 v
  overslaan (up-to-date): mattheus 21 v

=== mattheus 22 stem v (46 verzen) ===
  intro (2.97s)
  h1 kopje (2.29s)
  v1 (4.29s)
  v2 (5.85s)
  v3 (5.57s)
  v4 (13.17s)
  v5 (6.09s)
  v6 (4.41s)
  v7 (7.37s)
  v8 (5.73s)
  v9 (5.73s)
  v10 (9.73s)
  v11 (8.09s)
  v12 (6.65s)
  v13 (10.17s)
  v14 (3.21s)
  h15 kopje (1.41s)
  v15 (5.45s)
  v16 (14.53s)
  v17 (5.37s)
  v18 (2.77s)
  v19 (5.97s)
  v20 (3.21s)
  v21 (9.17s)
  v22 (5.41s)
  h23 kopje (1.57s)
  v23 (6.33s)
  v24 (9.73s)
  v25 (9.77s)
  v26 (3.77s)
  v27 (2.93s)
  v28 (5.29s)
  v29 (6.73s)
  v30 (7.69s)
  v31 (6.13s)
  v32 (8.13s)
  v33 (3.69s)
  h34 kopje (1.29s)
  v34 (6.65s)
  v35 (5.17s)
  v36 (2.73s)
  v37 (8.97s)
  v38 (2.21s)
  v39 (4.65s)
  v40 (3.41s)
  h41 kopje (1.77s)
  v41 (3.85s)
  v42 (6.41s)
  v43 (5.73s)
  v44 (8.89s)
  v45 (3.29s)
  v46 (5.05s)
  manifest.json (52 segmenten)

=== mattheus 23 stem v (39 verzen) ===
  intro (3.05s)
  h1 kopje (2.21s)
  v1 (3.09s)
  v2 (5.41s)
  v3 (8.69s)
  v4 (8.77s)
  v5 (8.29s)
  v6 (4.89s)
  v7 (4.89s)
  v8 (7.37s)
  v9 (6.45s)
  v10 (5.69s)
  v11 (2.29s)
  v12 (6.53s)
  h13 kopje (2.21s)
  v13 (12.57s)
  v14 (11.13s)
  v15 (13.61s)
  v16 (10.73s)
  v17 (5.93s)
  v18 (8.45s)
  v19 (5.69s)
  v20 (4.97s)
  v21 (5.05s)
  v22 (5.09s)
  v23 (17.41s)
  v24 (4.33s)
  v25 (12.09s)
  v26 (7.41s)
  v27 (13.09s)
  v28 (6.65s)
  v29 (9.29s)
  v30 (7.81s)
  v31 (5.49s)
  v32 (2.45s)
  v33 (4.65s)
  v34 (13.09s)
  v35 (13.97s)
  v36 (4.01s)
  h37 kopje (2.09s)
  v37 (14.37s)
  v38 (2.73s)
  v39 (8.25s)
  manifest.json (43 segmenten)

=== mattheus 24 stem v (51 verzen) ===
  intro (2.73s)
  h1 kopje (2.65s)
  v1 (7.05s)
  v2 (9.65s)
  v3 (13.05s)
  v4 (4.77s)
  v5 (6.53s)
  v6 (9.17s)
  v7 (11.57s)
  v8 (2.89s)
  v9 (7.37s)
  v10 (4.73s)
  v11 (3.93s)
  v12 (5.01s)
  v13 (3.25s)
  v14 (7.81s)
  h15 kopje (1.41s)
  v15 (10.53s)
  v16 (3.33s)
  v17 (4.17s)
  v18 (4.37s)
  v19 (2.89s)
  v20 (4.01s)
  v21 (6.65s)
  v22 (7.41s)
  h23 kopje (2.17s)
  v23 (6.37s)
  v24 (10.61s)
  v25 (2.13s)
  v26 (8.69s)
  v27 (7.17s)
  v28 (4.49s)
  h29 kopje (1.97s)
  v29 (10.57s)
  v30 (12.93s)
  v31 (11.85s)
  h32 kopje (1.73s)
  v32 (9.21s)
  v33 (5.77s)
  v34 (7.57s)
  v35 (5.37s)
  h36 kopje (1.41s)
  v36 (5.53s)
  v37 (4.65s)
  v38 (9.89s)
  v39 (7.53s)
  v40 (4.85s)
  v41 (5.81s)
  v42 (4.09s)
  v43 (9.29s)
  v44 (6.41s)
  v45 (8.33s)
  v46 (4.73s)
  v47 (4.25s)
  v48 (4.17s)
  v49 (6.25s)
  v50 (6.81s)
  v51 (6.45s)
  manifest.json (58 segmenten)

=== mattheus 25 stem v (46 verzen) ===
  intro (2.89s)
  h1 kopje (2.09s)
  v1 (7.41s)
  v2 (3.29s)
  v3 (4.17s)
  v4 (3.49s)
  v5 (4.45s)
  v6 (6.13s)
  v7 (3.13s)
  v8 (5.09s)
  v9 (9.09s)
  v10 (8.73s)
  v11 (4.93s)
  v12 (4.57s)
  v13 (5.65s)
  h14 kopje (1.81s)
  v14 (6.81s)
  v15 (7.29s)
  v16 (5.93s)
  v17 (4.17s)
  v18 (5.25s)
  v19 (4.13s)
  v20 (11.69s)
  v21 (11.17s)
  v22 (10.57s)
  v23 (10.65s)
  v24 (12.85s)
  v25 (6.65s)
  v26 (11.13s)
  v27 (6.45s)
  v28 (5.01s)
  v29 (9.89s)
  v30 (5.81s)
  h31 kopje (1.17s)
  v31 (7.89s)
  v32 (7.05s)
  v33 (4.97s)
  v34 (11.37s)
  v35 (11.01s)
  v36 (8.81s)
  v37 (9.85s)
  v38 (5.73s)
  v39 (4.89s)
  v40 (9.33s)
  v41 (9.81s)
  v42 (8.01s)
  v43 (9.45s)
  v44 (12.93s)
  v45 (9.01s)
  v46 (5.05s)
  manifest.json (50 segmenten)

=== mattheus 26 stem v (75 verzen) ===
  intro (2.89s)
  h1 kopje (1.89s)
  v1 (5.49s)
  v2 (6.89s)
  v3 (8.05s)
  v4 (4.57s)
  v5 (4.89s)
  h6 kopje (1.69s)
  v6 (4.25s)
  v7 (9.09s)
  v8 (5.69s)
  v9 (4.17s)
  v10 (7.85s)
  v11 (3.85s)
  v12 (6.29s)
  v13 (9.09s)
  h14 kopje (1.53s)
  v14 (4.89s)
  v15 (7.61s)
  v16 (4.45s)
  h17 kopje (1.93s)
  v17 (8.53s)
  v18 (10.53s)
  v19 (4.53s)
  v20 (3.57s)
  v21 (6.29s)
  v22 (6.09s)
  v23 (6.25s)
  v24 (10.29s)
  v25 (7.33s)
  h26 kopje (1.85s)
  v26 (9.97s)
  v27 (6.05s)
  v28 (7.13s)
  v29 (11.25s)
  v30 (3.89s)
  h31 kopje (2.17s)
  v31 (9.97s)
  v32 (3.97s)
  v33 (6.93s)
  v34 (8.89s)
  v35 (8.09s)
  h36 kopje (1.41s)
  v36 (9.05s)
  v37 (6.37s)
  v38 (5.89s)
  v39 (14.41s)
  v40 (6.73s)
  v41 (5.93s)
  v42 (11.45s)
  v43 (4.89s)
  v44 (5.41s)
  v45 (11.41s)
  v46 (4.89s)
  h47 kopje (1.77s)
  v47 (11.25s)
  v48 (7.69s)
  v49 (5.05s)
  v50 (8.57s)
  v51 (10.77s)
  v52 (7.17s)
  v53 (5.93s)
  v54 (4.33s)
  v55 (12.65s)
  v56 (7.65s)
  h57 kopje (1.69s)
  v57 (7.49s)
  v58 (8.25s)
  v59 (9.65s)
  v60 (4.29s)
  v61 (10.17s)
  v62 (6.65s)
  v63 (11.57s)
  v64 (12.41s)
  v65 (10.37s)
  v66 (4.45s)
  v67 (3.65s)
  v68 (8.25s)
  h69 kopje (2.01s)
  v69 (6.73s)
  v70 (4.29s)
  v71 (8.65s)
  v72 (4.25s)
  v73 (9.61s)
  v74 (3.89s)
  v75 (12.53s)
  manifest.json (86 segmenten)

=== mattheus 27 stem v (66 verzen) ===
  intro (2.77s)
  h1 kopje (2.13s)
  v1 (8.57s)
  v2 (7.41s)
  h3 kopje (1.29s)
  v3 (10.53s)
  v4 (8.69s)
  v5 (6.45s)
  v6 (10.05s)
  v7 (6.85s)
  v8 (4.21s)
  v9 (12.33s)
  v10 (6.13s)
  h11 kopje (3.21s)
  v11 (8.73s)
  v12 (4.69s)
  v13 (5.21s)
  v14 (5.53s)
  v15 (4.93s)
  v16 (4.05s)
  v17 (9.37s)
  v18 (3.53s)
  v19 (9.69s)
  v20 (7.25s)
  v21 (8.93s)
  v22 (8.53s)
  v23 (7.49s)
  v24 (12.65s)
  v25 (5.77s)
  v26 (6.25s)
  h27 kopje (2.25s)
  v27 (6.09s)
  v28 (3.93s)
  v29 (12.85s)
  v30 (4.69s)
  v31 (7.53s)
  h32 kopje (1.25s)
  v32 (6.65s)
  v33 (3.41s)
  v34 (6.09s)
  v35 (13.33s)
  v36 (2.77s)
  v37 (6.09s)
  v38 (5.37s)
  v39 (3.33s)
  v40 (9.41s)
  v41 (7.13s)
  v42 (9.73s)
  v43 (7.29s)
  v44 (4.53s)
  h45 kopje (1.37s)
  v45 (4.93s)
  v46 (11.13s)
  v47 (4.61s)
  v48 (8.09s)
  v49 (5.81s)
  v50 (4.05s)
  v51 (8.41s)
  v52 (6.17s)
  v53 (6.81s)
  v54 (11.37s)
  v55 (6.97s)
  v56 (7.85s)
  h57 kopje (1.89s)
  v57 (7.41s)
  v58 (7.73s)
  v59 (4.93s)
  v60 (8.53s)
  v61 (4.81s)
  h62 kopje (1.57s)
  v62 (5.57s)
  v63 (8.53s)
  v64 (15.21s)
  v65 (5.81s)
  v66 (5.05s)
  manifest.json (75 segmenten)

=== mattheus 28 stem v (20 verzen) ===
  intro (2.73s)
  h1 kopje (1.65s)
  v1 (9.25s)
  v2 (10.65s)
  v3 (4.21s)
  v4 (4.49s)
  v5 (7.77s)
  v6 (8.05s)
  v7 (10.73s)
  v8 (7.89s)
  v9 (12.01s)
  v10 (8.37s)
  h11 kopje (1.41s)
  v11 (7.85s)
  v12 (6.49s)
  v13 (6.89s)
  v14 (6.57s)
  v15 (9.61s)
  h16 kopje (1.57s)
  v16 (5.57s)
  v17 (4.05s)
  v18 (7.45s)
  v19 (11.17s)
  v20 (4.97s)
  manifest.json (24 segmenten)

=== markus 1 stem v (45 verzen) ===
  intro (3.33s)
  h1 kopje (3.89s)
  v1 (3.93s)
  v2 (7.29s)
  v3 (5.65s)
  v4 (5.45s)
  v5 (8.97s)
  v6 (6.53s)
  v7 (9.05s)
  v8 (4.45s)
  h9 kopje (2.05s)
  v9 (7.73s)
  v10 (8.45s)
  v11 (5.89s)
  v12 (2.73s)
  v13 (7.17s)
  h14 kopje (1.69s)
  v14 (7.13s)
  v15 (8.25s)
  v16 (7.57s)
  v17 (6.09s)
  v18 (4.01s)
  v19 (10.05s)
  v20 (7.41s)
  h21 kopje (1.69s)
  v21 (6.41s)
  v22 (6.45s)
  v23 (5.05s)
  v24 (12.01s)
  v25 (4.65s)
  v26 (5.81s)
  v27 (12.09s)
  v28 (4.57s)
  v29 (7.97s)
  v30 (4.37s)
  v31 (6.69s)
  v32 (7.61s)
  v33 (2.73s)
  v34 (9.53s)
  h35 kopje (2.09s)
  v35 (8.73s)
  v36 (3.49s)
  v37 (3.97s)
  v38 (7.01s)
  v39 (5.37s)
  v40 (8.93s)
  v41 (9.45s)
  v42 (4.97s)
  v43 (4.01s)
  v44 (11.09s)
  v45 (12.93s)
  manifest.json (51 segmenten)

=== markus 2 stem v (28 verzen) ===
  intro (2.13s)
  h1 kopje (1.93s)
  v1 (6.61s)
  v2 (7.65s)
  v3 (4.85s)
  v4 (10.97s)
  v5 (5.65s)
  v6 (3.89s)
  v7 (5.21s)
  v8 (8.77s)
  v9 (8.97s)
  v10 (7.41s)
  v11 (4.65s)
  v12 (11.29s)
  h13 kopje (1.29s)
  v13 (5.29s)
  v14 (9.41s)
  v15 (10.61s)
  v16 (11.13s)
  v17 (11.29s)
  h18 kopje (2.21s)
  v18 (10.45s)
  v19 (10.29s)
  v20 (6.93s)
  v21 (9.09s)
  v22 (12.13s)
  v23 (7.25s)
  v24 (5.81s)
  v25 (7.49s)
  v26 (13.33s)
  v27 (5.37s)
  v28 (3.69s)
  manifest.json (32 segmenten)

=== markus 3 stem v (35 verzen) ===
  intro (2.13s)
  h1 kopje (1.57s)
  v1 (6.13s)
  v2 (5.65s)
  v3 (3.97s)
  v4 (9.13s)
  v5 (13.33s)
  v6 (7.73s)
  v7 (7.09s)
  v8 (11.45s)
  v9 (7.89s)
  v10 (8.37s)
  v11 (7.57s)
  v12 (3.89s)
  h13 kopje (2.17s)
  v13 (5.17s)
  v14 (5.85s)
  v15 (4.21s)
  v16 (2.57s)
  v17 (10.37s)
  v18 (13.01s)
  v19 (3.09s)
  v20 (6.69s)
  v21 (7.29s)
  h22 kopje (2.37s)
  v22 (8.37s)
  v23 (6.21s)
  v24 (4.57s)
  v25 (4.09s)
  v26 (5.93s)
  v27 (8.13s)
  v28 (8.41s)
  v29 (7.85s)
  v30 (2.97s)
  h31 kopje (1.69s)
  v31 (6.17s)
  v32 (6.45s)
  v33 (5.09s)
  v34 (6.05s)
  v35 (5.01s)
  manifest.json (40 segmenten)

=== markus 4 stem v (41 verzen) ===
  intro (2.29s)
  h1 kopje (1.61s)
  v1 (11.77s)
  v2 (4.77s)
  v3 (3.25s)
  v4 (7.29s)
  v5 (7.69s)
  v6 (6.25s)
  v7 (6.25s)
  v8 (10.37s)
  v9 (3.97s)
  v10 (6.69s)
  v11 (10.45s)
  v12 (9.89s)
  v13 (5.85s)
  v14 (2.65s)
  v15 (11.53s)
  v16 (8.29s)
  v17 (9.29s)
  v18 (5.33s)
  v19 (10.69s)
  v20 (10.69s)
  h21 kopje (2.09s)
  v21 (8.89s)
  v22 (8.05s)
  v23 (4.25s)
  v24 (9.29s)
  v25 (6.93s)
  v26 (5.89s)
  v27 (7.17s)
  v28 (6.97s)
  v29 (5.17s)
  v30 (6.13s)
  v31 (7.37s)
  v32 (9.09s)
  v33 (5.45s)
  v34 (5.29s)
  h35 kopje (1.93s)
  v35 (7.05s)
  v36 (8.93s)
  v37 (5.57s)
  v38 (9.69s)
  v39 (9.01s)
  v40 (4.73s)
  v41 (7.33s)
  manifest.json (45 segmenten)

=== markus 5 stem v (43 verzen) ===
  intro (2.45s)
  h1 kopje (2.29s)
  v1 (4.69s)
  v2 (6.89s)
  v3 (4.97s)
  v4 (9.21s)
  v5 (7.13s)
  v6 (3.73s)
  v7 (9.97s)
  v8 (4.13s)
  v9 (7.37s)
  v10 (3.89s)
  v11 (3.81s)
  v12 (6.17s)
  v13 (13.05s)
  v14 (9.93s)
  v15 (10.61s)
  v16 (5.57s)
  v17 (3.65s)
  v18 (6.01s)
  v19 (11.85s)
  v20 (8.37s)
  h21 kopje (2.89s)
  v21 (7.49s)
  v22 (7.65s)
  v23 (9.05s)
  v24 (4.49s)
  v25 (3.89s)
  v26 (8.21s)
  v27 (5.21s)
  v28 (4.37s)
  v29 (6.49s)
  v30 (10.29s)
  v31 (7.45s)
  v32 (3.33s)
  v33 (8.17s)
  v34 (7.77s)
  v35 (8.65s)
  v36 (9.37s)
  v37 (6.57s)
  v38 (6.49s)
  v39 (8.01s)
  v40 (11.57s)
  v41 (9.41s)
  v42 (7.37s)
  v43 (5.61s)
  manifest.json (46 segmenten)

=== markus 6 stem v (56 verzen) ===
  intro (2.21s)
  h1 kopje (2.17s)
  v1 (5.17s)
  v2 (14.93s)
  v3 (11.01s)
  v4 (7.57s)
  v5 (4.89s)
  v6 (5.97s)
  h7 kopje (1.41s)
  v7 (6.81s)
  v8 (8.25s)
  v9 (4.21s)
  v10 (6.53s)
  v11 (15.97s)
  v12 (4.09s)
  v13 (5.61s)
  h14 kopje (1.85s)
  v14 (10.09s)
  v15 (6.85s)
  v16 (6.73s)
  v17 (12.89s)
  v18 (5.13s)
  v19 (4.41s)
  v20 (11.13s)
  v21 (11.49s)
  v22 (12.73s)
  v23 (6.77s)
  v24 (7.13s)
  v25 (11.09s)
  v26 (8.01s)
  v27 (7.93s)
  v28 (5.65s)
  v29 (6.17s)
  h30 kopje (1.93s)
  v30 (7.33s)
  v31 (10.85s)
  v32 (3.37s)
  v33 (9.53s)
  v34 (12.29s)
  v35 (8.53s)
  v36 (9.01s)
  v37 (10.89s)
  v38 (8.93s)
  v39 (5.73s)
  v40 (4.57s)
  v41 (12.49s)
  v42 (2.73s)
  v43 (3.85s)
  v44 (3.89s)
  h45 kopje (1.65s)
  v45 (9.01s)
  v46 (4.49s)
  v47 (5.73s)
  v48 (13.13s)
  v49 (5.89s)
  v50 (9.01s)
  v51 (7.25s)
  v52 (4.45s)
  v53 (5.05s)
  v54 (3.81s)
  v55 (10.33s)
  v56 (14.89s)
  manifest.json (62 segmenten)

=== markus 7 stem v (37 verzen) ===
  intro (2.13s)
  h1 kopje (1.93s)
  v1 (6.05s)
  v2 (7.33s)
  v3 (8.09s)
  v4 (14.49s)
  v5 (8.89s)
  v6 (13.13s)
  v7 (5.69s)
  v8 (10.77s)
  v9 (6.33s)
  v10 (6.77s)
  v11 (9.73s)
  v12 (3.53s)
  v13 (6.81s)
  h14 kopje (1.61s)
  v14 (5.73s)
  v15 (8.89s)
  v16 (2.85s)
  v17 (5.37s)
  v18 (7.89s)
  v19 (6.25s)
  v20 (4.61s)
  v21 (7.13s)
  v22 (9.65s)
  v23 (4.17s)
  h24 kopje (1.49s)
  v24 (10.01s)
  v25 (7.21s)
  v26 (7.45s)
  v27 (8.69s)
  v28 (6.61s)
  v29 (5.57s)
  v30 (5.97s)
  h31 kopje (1.61s)
  v31 (8.01s)
  v32 (5.93s)
  v33 (8.05s)
  v34 (6.89s)
  v35 (5.73s)
  v36 (7.81s)
  v37 (8.49s)
  manifest.json (42 segmenten)

=== markus 8 stem v (38 verzen) ===
  intro (2.25s)
  h1 kopje (1.65s)
  v1 (10.01s)
  v2 (8.09s)
  v3 (6.77s)
  v4 (5.65s)
  v5 (4.25s)
  v6 (12.49s)
  v7 (5.77s)
  v8 (6.93s)
  v9 (4.33s)
  v10 (5.65s)
  h11 kopje (1.73s)
  v11 (7.01s)
  v12 (9.89s)
  v13 (5.25s)
  v14 (5.33s)
  v15 (8.01s)
  v16 (5.09s)
  v17 (10.29s)
  v18 (4.45s)
  v19 (9.05s)
  v20 (7.53s)
  v21 (2.41s)
  h22 kopje (1.21s)
  v22 (5.73s)
  v23 (9.77s)
  v24 (5.89s)
  v25 (7.29s)
  v26 (5.69s)
  h27 kopje (2.29s)
  v27 (10.49s)
  v28 (6.89s)
  v29 (7.61s)
  v30 (3.41s)
  h31 kopje (2.21s)
  v31 (12.05s)
  v32 (6.85s)
  v33 (12.69s)
  v34 (10.77s)
  v35 (9.77s)
  v36 (5.33s)
  v37 (2.89s)
  v38 (13.77s)
  manifest.json (44 segmenten)

=== markus 9 stem v (50 verzen) ===
  intro (2.61s)
  h1 kopje (1.65s)
  v1 (13.45s)
  v2 (10.61s)
  v3 (6.21s)
  v4 (4.29s)
  v5 (11.17s)
  v6 (3.45s)
  v7 (7.73s)
  v8 (4.97s)
  v9 (9.29s)
  v10 (6.45s)
  v11 (5.41s)
  v12 (11.97s)
  v13 (8.37s)
  h14 kopje (1.85s)
  v14 (6.81s)
  v15 (5.29s)
  v16 (3.17s)
  v17 (7.09s)
  v18 (11.45s)
  v19 (8.97s)
  v20 (7.85s)
  v21 (7.05s)
  v22 (10.69s)
  v23 (6.13s)
  v24 (7.37s)
  v25 (12.33s)
  v26 (7.73s)
  v27 (4.93s)
  v28 (6.33s)
  v29 (5.45s)
  v30 (5.45s)
  h31 kopje (1.81s)
  v31 (12.25s)
  v32 (3.25s)
  h33 kopje (2.05s)
  v33 (7.49s)
  v34 (5.61s)
  v35 (9.29s)
  v36 (5.41s)
  v37 (10.21s)
  v38 (12.81s)
  v39 (8.29s)
  v40 (2.73s)
  v41 (9.65s)
  v42 (9.93s)
  v43 (10.81s)
  v44 (3.73s)
  v45 (10.49s)
  v46 (3.61s)
  v47 (10.85s)
  v48 (3.53s)
  v49 (4.97s)
  v50 (8.97s)
  manifest.json (55 segmenten)

=== markus 10 stem v (52 verzen) ===
  intro (3.61s)
  h1 kopje (1.81s)
  v1 (12.17s)
  v2 (7.25s)
  v3 (3.85s)
  v4 (5.29s)
  v5 (6.25s)
  v6 (3.93s)
  v7 (4.89s)
  v8 (4.97s)
  v9 (3.09s)
  v10 (2.93s)
  v11 (6.33s)
  v12 (5.49s)
  h13 kopje (1.65s)
  v13 (7.05s)
  v14 (9.89s)
  v15 (7.77s)
  v16 (5.21s)
  h17 kopje (1.33s)
  v17 (10.05s)
  v18 (6.01s)
  v19 (12.09s)
  v20 (6.45s)
  v21 (14.69s)
  v22 (6.25s)
  v23 (7.65s)
  v24 (12.69s)
  v25 (6.37s)
  v26 (4.65s)
  v27 (6.81s)
  v28 (5.77s)
  v29 (16.05s)
  v30 (12.21s)
  v31 (5.65s)
  h32 kopje (1.53s)
  v32 (14.89s)
  v33 (12.33s)
  v34 (7.13s)
  h35 kopje (2.17s)
  v35 (9.85s)
  v36 (3.13s)
  v37 (8.61s)
  v38 (10.25s)
  v39 (10.69s)
  v40 (7.33s)
  v41 (4.81s)
  v42 (12.65s)
  v43 (5.97s)
  v44 (3.69s)
  v45 (7.49s)
  h46 kopje (2.61s)
  v46 (12.13s)
  v47 (8.13s)
  v48 (7.81s)
  v49 (9.37s)
  v50 (4.73s)
  v51 (8.73s)
  v52 (7.33s)
  manifest.json (59 segmenten)

=== markus 11 stem v (33 verzen) ===
  intro (1.93s)
  h1 kopje (1.65s)
  v1 (6.97s)
  v2 (11.77s)
  v3 (7.57s)
  v4 (6.69s)
  v5 (5.49s)
  v6 (4.85s)
  v7 (5.45s)
  v8 (5.97s)
  v9 (7.09s)
  v10 (7.13s)
  v11 (8.41s)
  h12 kopje (2.69s)
  v12 (4.17s)
  v13 (12.41s)
  v14 (7.69s)
  v15 (14.37s)
  v16 (3.57s)
Traceback (most recent call last):
  File "/home/maarten/Documents/GitHub/website-open-bijbelvertaling/.venv-higgs-v3/lib/python3.12/site-packages/urllib3/connectionpool.py", line 534, in _make_request
    response = conn.getresponse()
               ^^^^^^^^^^^^^^^^^^
  File "/home/maarten/Documents/GitHub/website-open-bijbelvertaling/.venv-higgs-v3/lib/python3.12/site-packages/urllib3/connection.py", line 571, in getresponse
    httplib_response = super().getresponse()
                       ^^^^^^^^^^^^^^^^^^^^^
  File "/usr/lib/python3.12/http/client.py", line 1457, in getresponse
    response.begin()
  File "/usr/lib/python3.12/http/client.py", line 336, in begin
    version, status, reason = self._read_status()
                              ^^^^^^^^^^^^^^^^^^^
  File "/usr/lib/python3.12/http/client.py", line 297, in _read_status
    line = str(self.fp.readline(_MAXLINE + 1), "iso-8859-1")
               ^^^^^^^^^^^^^^^^^^^^^^^^^^^^^^
  File "/usr/lib/python3.12/socket.py", line 707, in readinto
    return self._sock.recv_into(b)
           ^^^^^^^^^^^^^^^^^^^^^^^
TimeoutError: timed out

The above exception was the direct cause of the following exception:

Traceback (most recent call last):
  File "/home/maarten/Documents/GitHub/website-open-bijbelvertaling/.venv-higgs-v3/lib/python3.12/site-packages/requests/adapters.py", line 696, in send
    resp = conn.urlopen(
           ^^^^^^^^^^^^^
  File "/home/maarten/Documents/GitHub/website-open-bijbelvertaling/.venv-higgs-v3/lib/python3.12/site-packages/urllib3/connectionpool.py", line 842, in urlopen
    retries = retries.increment(
              ^^^^^^^^^^^^^^^^^^
  File "/home/maarten/Documents/GitHub/website-open-bijbelvertaling/.venv-higgs-v3/lib/python3.12/site-packages/urllib3/util/retry.py", line 498, in increment
    raise reraise(type(error), error, _stacktrace)
          ^^^^^^^^^^^^^^^^^^^^^^^^^^^^^^^^^^^^^^^^
  File "/home/maarten/Documents/GitHub/website-open-bijbelvertaling/.venv-higgs-v3/lib/python3.12/site-packages/urllib3/util/util.py", line 39, in reraise
    raise value
  File "/home/maarten/Documents/GitHub/website-open-bijbelvertaling/.venv-higgs-v3/lib/python3.12/site-packages/urllib3/connectionpool.py", line 788, in urlopen
    response = self._make_request(
               ^^^^^^^^^^^^^^^^^^^
  File "/home/maarten/Documents/GitHub/website-open-bijbelvertaling/.venv-higgs-v3/lib/python3.12/site-packages/urllib3/connectionpool.py", line 536, in _make_request
    self._raise_timeout(err=e, url=url, timeout_value=read_timeout)
  File "/home/maarten/Documents/GitHub/website-open-bijbelvertaling/.venv-higgs-v3/lib/python3.12/site-packages/urllib3/connectionpool.py", line 367, in _raise_timeout
    raise ReadTimeoutError(
urllib3.exceptions.ReadTimeoutError: HTTPConnectionPool(host='127.0.0.1', port=8765): Read timed out. (read timeout=120)

During handling of the above exception, another exception occurred:

Traceback (most recent call last):
  File "<frozen runpy>", line 198, in _run_module_as_main
  File "<frozen runpy>", line 88, in _run_code
  File "/home/maarten/Documents/GitHub/website-open-bijbelvertaling/scripts/tts/generate_chunks.py", line 256, in <module>
    main()
  File "/home/maarten/Documents/GitHub/website-open-bijbelvertaling/scripts/tts/generate_chunks.py", line 244, in main
    generate_chapter(book, ch, args.voice, ref_audio, ref_text, args.force)
  File "/home/maarten/Documents/GitHub/website-open-bijbelvertaling/scripts/tts/generate_chunks.py", line 184, in generate_chapter
    d = synth(raw, outdir / f, ref_audio, ref_text)
        ^^^^^^^^^^^^^^^^^^^^^^^^^^^^^^^^^^^^^^^^^^^
  File "/home/maarten/Documents/GitHub/website-open-bijbelvertaling/scripts/tts/generate_chunks.py", line 115, in synth
    resp = requests.post(url, json=payload, headers={"Content-Type": "application/json"},
           ^^^^^^^^^^^^^^^^^^^^^^^^^^^^^^^^^^^^^^^^^^^^^^^^^^^^^^^^^^^^^^^^^^^^^^^^^^^^^^
  File "/home/maarten/Documents/GitHub/website-open-bijbelvertaling/.venv-higgs-v3/lib/python3.12/site-packages/requests/api.py", line 134, in post
    return request("post", url, data=data, json=json, **kwargs)
           ^^^^^^^^^^^^^^^^^^^^^^^^^^^^^^^^^^^^^^^^^^^^^^^^^^^^
  File "/home/maarten/Documents/GitHub/website-open-bijbelvertaling/.venv-higgs-v3/lib/python3.12/site-packages/requests/api.py", line 71, in request
    return session.request(method=method, url=url, **kwargs)
           ^^^^^^^^^^^^^^^^^^^^^^^^^^^^^^^^^^^^^^^^^^^^^^^^^
  File "/home/maarten/Documents/GitHub/website-open-bijbelvertaling/.venv-higgs-v3/lib/python3.12/site-packages/requests/sessions.py", line 651, in request
    resp = self.send(prep, **send_kwargs)
           ^^^^^^^^^^^^^^^^^^^^^^^^^^^^^^
  File "/home/maarten/Documents/GitHub/website-open-bijbelvertaling/.venv-higgs-v3/lib/python3.12/site-packages/requests/sessions.py", line 784, in send
    r = adapter.send(request, **kwargs)
        ^^^^^^^^^^^^^^^^^^^^^^^^^^^^^^^
  File "/home/maarten/Documents/GitHub/website-open-bijbelvertaling/.venv-higgs-v3/lib/python3.12/site-packages/requests/adapters.py", line 742, in send
    raise ReadTimeout(e, request=request)
requests.exceptions.ReadTimeout: HTTPConnectionPool(host='127.0.0.1', port=8765): Read timed out. (read timeout=120)
[sup] NT/v: 59/260 (00:12)
Server starten: /home/maarten/Documents/GitHub/website-open-bijbelvertaling/.venv-higgs-v3/bin/sgl-omni serve --model-path bosonai/higgs-audio-v3-tts-4b --port 8765 --host 127.0.0.1 --model-name higgs-audio-v3-tts
Wachten op server (max 360s)...
[server] WARNING:sglang_omni.models.higgs_tts._vendored.higgs_audio_v2_tokenizer_hf:Could not determine semantic model type from config architecture. Defaulting to `HubertConfig`.
[server] WARNING:sglang.srt.models.registry:Ignore import error when loading sglang.srt.models.glmasr: cannot import name 'GlmAsrConfig' from 'transformers' (/home/maarten/Documents/GitHub/website-open-bijbelvertaling/.venv-higgs-v3/lib/python3.12/site-packages/transformers/__init__.py)
[server] [Gloo] Rank 0 is connected to 0 peer ranks. Expected number of connected peer ranks is : 0
[server] [Gloo] Rank 0 is connected to 0 peer ranks. Expected number of connected peer ranks is : 0
[server] [Gloo] Rank 0 is connected to 0 peer ranks. Expected number of connected peer ranks is : 0
[server] [Gloo] Rank 0 is connected to 0 peer ranks. Expected number of connected peer ranks is : 0
Server luistert op poort.
  overslaan (up-to-date): mattheus 1 v
  overslaan (up-to-date): mattheus 2 v
  overslaan (up-to-date): mattheus 3 v
  overslaan (up-to-date): mattheus 4 v
  overslaan (up-to-date): mattheus 5 v
  overslaan (up-to-date): mattheus 6 v
  overslaan (up-to-date): mattheus 7 v
  overslaan (up-to-date): mattheus 8 v
  overslaan (up-to-date): mattheus 9 v
  overslaan (up-to-date): mattheus 10 v
  overslaan (up-to-date): mattheus 11 v
  overslaan (up-to-date): mattheus 12 v
  overslaan (up-to-date): mattheus 13 v
  overslaan (up-to-date): mattheus 14 v
  overslaan (up-to-date): mattheus 15 v
  overslaan (up-to-date): mattheus 16 v
  overslaan (up-to-date): mattheus 17 v
  overslaan (up-to-date): mattheus 18 v
  overslaan (up-to-date): mattheus 19 v
  overslaan (up-to-date): mattheus 20 v
  overslaan (up-to-date): mattheus 21 v
  overslaan (up-to-date): mattheus 22 v
  overslaan (up-to-date): mattheus 23 v
  overslaan (up-to-date): mattheus 24 v
  overslaan (up-to-date): mattheus 25 v
  overslaan (up-to-date): mattheus 26 v
  overslaan (up-to-date): mattheus 27 v
  overslaan (up-to-date): mattheus 28 v
  overslaan (up-to-date): markus 1 v
  overslaan (up-to-date): markus 2 v
  overslaan (up-to-date): markus 3 v
  overslaan (up-to-date): markus 4 v
  overslaan (up-to-date): markus 5 v
  overslaan (up-to-date): markus 6 v
  overslaan (up-to-date): markus 7 v
  overslaan (up-to-date): markus 8 v
  overslaan (up-to-date): markus 9 v
  overslaan (up-to-date): markus 10 v

=== markus 11 stem v (33 verzen) ===
  intro (2.05s)
  h1 kopje (1.61s)
  v1 (7.81s)
  v2 (11.85s)
  v3 (7.69s)
  v4 (6.41s)
  v5 (5.85s)
  v6 (4.53s)
  v7 (4.97s)
  v8 (5.85s)
  v9 (6.89s)
  v10 (6.93s)
  v11 (9.13s)
  h12 kopje (2.81s)
  v12 (4.01s)
  v13 (11.69s)
  v14 (7.77s)
  v15 (13.69s)
  v16 (3.45s)
  v17 (9.89s)
  v18 (9.37s)
  v19 (3.73s)
  h20 kopje (1.45s)
  v20 (6.41s)
  v21 (8.45s)
  v22 (4.21s)
  v23 (14.33s)
  v24 (7.65s)
  v25 (8.61s)
  v26 (6.13s)
  h27 kopje (2.09s)
  v27 (8.53s)
  v28 (6.85s)
  v29 (9.93s)
  v30 (4.65s)
  v31 (7.57s)
  v32 (8.29s)
  v33 (10.85s)
  manifest.json (38 segmenten)

=== markus 12 stem v (44 verzen) ===
  intro (2.37s)
  h1 kopje (1.77s)
  v1 (13.37s)
  v2 (7.05s)
  v3 (3.33s)
  v4 (8.17s)
  v5 (7.21s)
  v6 (8.01s)
  v7 (7.65s)
  v8 (4.21s)
  v9 (6.77s)
  v10 (6.49s)
  v11 (3.49s)
  v12 (8.81s)
  h13 kopje (1.57s)
  v13 (6.37s)
  v14 (18.33s)
  v15 (7.09s)
  v16 (8.25s)
  v17 (9.25s)
  h18 kopje (1.85s)
  v18 (6.01s)
  v19 (12.17s)
  v20 (5.01s)
  v21 (6.17s)
  v22 (6.57s)
  v23 (7.33s)
  v24 (7.65s)
  v25 (8.57s)
  v26 (14.85s)
  v27 (5.45s)
  h28 kopje (1.37s)
  v28 (11.37s)
  v29 (8.21s)
  v30 (11.13s)
  v31 (7.73s)
  v32 (8.13s)
  v33 (13.13s)
  v34 (8.81s)
  h35 kopje (2.01s)
  v35 (7.25s)
  v36 (10.69s)
  v37 (6.49s)
  v38 (8.53s)
  v39 (4.41s)
  v40 (6.89s)
  h41 kopje (1.53s)
  v41 (8.85s)
  v42 (4.53s)
  v43 (11.09s)
  v44 (8.89s)
  manifest.json (51 segmenten)

=== markus 13 stem v (37 verzen) ===
  intro (2.69s)
  h1 kopje (1.81s)
  v1 (7.77s)
  v2 (9.09s)
  v3 (8.89s)
  v4 (6.17s)
  v5 (5.17s)
  v6 (5.69s)
  v7 (9.21s)
  v8 (15.65s)
  v9 (13.85s)
  v10 (3.57s)
  v11 (16.01s)
  v12 (8.05s)
  v13 (6.73s)
  h14 kopje (1.17s)
  v14 (13.85s)
  v15 (5.85s)
  v16 (4.21s)
  v17 (3.09s)
  v18 (2.69s)
  v19 (10.09s)
  v20 (9.97s)
  v21 (7.41s)
  v22 (9.05s)
  v23 (3.37s)
  h24 kopje (1.61s)
  v24 (6.45s)
  v25 (6.13s)
  v26 (5.77s)
  v27 (9.45s)
  v28 (8.73s)
  v29 (6.65s)
  v30 (6.33s)
  v31 (5.45s)
  v32 (7.17s)
  h33 kopje (1.69s)
  v33 (4.29s)
  v34 (9.89s)
  v35 (10.01s)
  v36 (4.53s)
  v37 (3.09s)
  manifest.json (42 segmenten)

=== markus 14 stem v (72 verzen) ===
  intro (2.33s)
  h1 kopje (1.85s)
  v1 (9.69s)
  v2 (4.81s)
  v3 (16.81s)
  v4 (6.65s)
  v5 (6.49s)
  v6 (6.21s)
  v7 (6.57s)
  v8 (7.61s)
  v9 (9.65s)
  h10 kopje (1.49s)
  v10 (6.85s)
  v11 (7.85s)
  h12 kopje (1.81s)
  v12 (10.65s)
  v13 (9.45s)
  v14 (8.97s)
  v15 (5.33s)
  v16 (7.65s)
  v17 (3.93s)
  v18 (8.61s)
  v19 (6.93s)
  v20 (6.89s)
  v21 (11.69s)
  v22 (9.77s)
  v23 (5.37s)
  v24 (6.37s)
  v25 (9.33s)
  v26 (3.73s)
  h27 kopje (1.73s)
  v27 (9.69s)
  v28 (4.61s)
  v29 (5.69s)
  v30 (10.09s)
  v31 (8.13s)
  h32 kopje (0.33s)
  v32 (8.41s)
  v33 (6.77s)
  v34 (5.77s)
  v35 (7.65s)
  v36 (9.49s)
  v37 (7.09s)
  v38 (6.41s)
  v39 (4.21s)
  v40 (8.37s)
  v41 (12.01s)
  v42 (4.57s)
  h43 kopje (1.69s)
  v43 (12.57s)
  v44 (8.41s)
  v45 (5.89s)
  v46 (2.73s)
  v47 (7.57s)
  v48 (7.85s)
  v49 (8.05s)
  v50 (2.97s)
  v51 (6.49s)
  v52 (4.41s)
  h53 kopje (1.77s)
  v53 (7.57s)
  v54 (8.61s)
  v55 (6.81s)
  v56 (4.61s)
  v57 (3.69s)
  v58 (8.85s)
  v59 (3.13s)
  v60 (7.85s)
  v61 (10.33s)
  v62 (9.17s)
  v63 (5.53s)
  v64 (6.81s)
  v65 (10.69s)
  h66 kopje (2.09s)
  v66 (4.65s)
  v67 (5.89s)
  v68 (8.45s)
  v69 (6.45s)
  v70 (12.97s)
  v71 (5.25s)
  v72 (13.77s)
  manifest.json (81 segmenten)

=== markus 15 stem v (47 verzen) ===
  intro (2.33s)
  h1 kopje (1.77s)
  v1 (13.09s)
  v2 (7.17s)
  v3 (4.41s)
  v4 (7.09s)
  v5 (3.81s)
  v6 (3.73s)
  v7 (7.17s)
  v8 (5.97s)
  v9 (5.01s)
  v10 (4.05s)
  v11 (5.49s)
  v12 (8.17s)
  v13 (1.73s)
  v14 (5.77s)
  v15 (9.77s)
  h16 kopje (2.53s)
  v16 (5.61s)
  v17 (5.53s)
  v18 (4.25s)
  v19 (6.25s)
  v20 (8.81s)
  v21 (7.73s)
  v22 (5.85s)
  v23 (3.73s)
  h24 kopje (1.17s)
  v24 (7.17s)
  v25 (2.69s)
  v26 (4.73s)
  v27 (5.41s)
  v28 (5.25s)
  v29 (9.45s)
  v30 (2.93s)
  v31 (9.29s)
  v32 (10.41s)
  h33 kopje (1.41s)
  v33 (5.65s)
  v34 (13.17s)
  v35 (5.61s)
  v36 (12.21s)
  v37 (4.29s)
  v38 (4.69s)
  v39 (10.09s)
  v40 (11.77s)
  v41 (8.85s)
  h42 kopje (1.93s)
  v42 (5.37s)
  v43 (12.05s)
  v44 (9.21s)
  v45 (4.61s)
  v46 (12.21s)
  v47 (6.21s)
  manifest.json (53 segmenten)

=== markus 16 stem v (20 verzen) ===
  intro (2.45s)
  h1 kopje (1.65s)
  v1 (11.37s)
  v2 (4.85s)
  v3 (4.41s)
  v4 (4.81s)
  v5 (8.33s)
  v6 (10.65s)
  v7 (8.25s)
  v8 (9.89s)
  h9 kopje (2.45s)
  v9 (9.49s)
  v10 (7.05s)
  v11 (5.13s)
  v12 (7.21s)
  v13 (5.73s)
  v14 (12.49s)
  v15 (5.81s)
  v16 (6.97s)
  v17 (8.97s)
  v18 (9.85s)
  h19 kopje (1.77s)
  v19 (7.05s)
  v20 (9.37s)
  manifest.json (24 segmenten)

=== lukas 1 stem v (80 verzen) ===
  intro (2.53s)
  h1 kopje (1.73s)
  v1 (7.01s)
  v2 (5.41s)
  v3 (9.93s)
  v4 (4.49s)
  h5 kopje (2.41s)
  v5 (12.93s)
  v6 (6.05s)
  v7 (6.21s)
  v8 (5.77s)
  v9 (8.21s)
  v10 (5.17s)
  v11 (5.49s)
  v12 (4.45s)
  v13 (10.77s)
  v14 (4.65s)
  v15 (9.77s)
  v16 (4.09s)
  v17 (12.89s)
  v18 (7.45s)
  v19 (9.25s)
  v20 (11.81s)
  v21 (5.49s)
  v22 (8.69s)
  v23 (4.89s)
  v24 (5.81s)
  v25 (7.49s)
  h26 kopje (1.37s)
  v26 (6.33s)
  v27 (8.57s)
  v28 (7.77s)
  v29 (6.57s)
  v30 (4.73s)
  v31 (6.29s)
  v32 (8.25s)
  v33 (6.21s)
  v34 (4.25s)
  v35 (13.37s)
  v36 (10.21s)
  v37 (2.21s)
  v38 (7.45s)
  h39 kopje (2.01s)
  v39 (6.77s)
  v40 (3.41s)
  v41 (8.41s)
  v42 (7.45s)
  v43 (3.41s)
  v44 (6.25s)
  v45 (6.17s)
  h46 kopje (1.73s)
  v46 (2.93s)
  v47 (3.21s)
  v48 (7.41s)
  v49 (5.53s)
  v50 (5.17s)
  v51 (5.81s)
  v52 (4.65s)
  v53 (4.69s)
  v54 (5.61s)
  v55 (6.09s)
  v56 (4.09s)
  h57 kopje (1.65s)
  v57 (5.09s)
  v58 (7.93s)
  v59 (7.25s)
  v60 (4.33s)
  v61 (4.69s)
  v62 (3.57s)
  v63 (7.33s)
  v64 (5.89s)
  v65 (7.89s)
  v66 (7.25s)
  h67 kopje (0.69s)
  v67 (5.93s)
  v68 (6.49s)
  v69 (5.37s)
  v70 (5.65s)
  v71 (4.85s)
  v72 (4.85s)
  v73 (4.97s)
  v74 (5.61s)
  v75 (3.85s)
  v76 (8.33s)
  v77 (4.29s)
  v78 (6.57s)
  v79 (7.09s)
  v80 (6.73s)
  manifest.json (88 segmenten)

=== lukas 2 stem v (52 verzen) ===
  intro (2.13s)
  h1 kopje (1.85s)
  v1 (6.97s)
  v2 (4.49s)
  v3 (3.93s)
  v4 (10.77s)
  v5 (4.57s)
  v6 (5.41s)
  v7 (7.73s)
  h8 kopje (1.89s)
  v8 (5.97s)
  v9 (7.37s)
  v10 (7.89s)
  v11 (6.89s)
  v12 (5.41s)
  v13 (5.49s)
  v14 (6.73s)
  v15 (12.57s)
  v16 (5.41s)
  v17 (6.49s)
  v18 (4.45s)
  v19 (4.93s)
  v20 (7.93s)
  h21 kopje (2.13s)
  v21 (10.21s)
  v22 (8.01s)
  v23 (7.05s)
  v24 (7.13s)
  h25 kopje (1.97s)
  v25 (10.77s)
  v26 (7.57s)
  v27 (7.21s)
  v28 (4.49s)
  v29 (4.25s)
  v30 (2.33s)
  v31 (3.17s)
  v32 (4.93s)
  v33 (3.77s)
  v34 (11.33s)
  v35 (5.85s)
  v36 (12.57s)
  v37 (8.45s)
  v38 (8.45s)
  h39 kopje (2.41s)
  v39 (7.29s)
  v40 (6.81s)
  v41 (5.37s)
  v42 (6.77s)
  v43 (8.09s)
  v44 (7.97s)
  v45 (4.13s)
  v46 (9.01s)
  v47 (4.53s)
  v48 (10.41s)
  v49 (7.65s)
  v50 (2.93s)
  v51 (7.69s)
  v52 (5.77s)
  manifest.json (58 segmenten)

=== lukas 3 stem v (38 verzen) ===
  intro (1.89s)
  h1 kopje (2.29s)
  v1 (19.17s)
  v2 (7.97s)
  v3 (6.49s)
  v4 (10.53s)
  v5 (9.41s)
  v6 (2.37s)
  v7 (8.89s)
  v8 (11.45s)
  v9 (8.25s)
  v10 (3.45s)
  v11 (9.77s)
  v12 (5.45s)
  v13 (3.85s)
  v14 (11.97s)
  v15 (6.29s)
  v16 (14.21s)
  v17 (10.69s)
  h18 kopje (1.77s)
  v18 (5.21s)
  v19 (10.25s)
  v20 (5.61s)
  h21 kopje (1.53s)
  v21 (7.25s)
  v22 (12.29s)
  h23 kopje (2.05s)
  v23 (8.25s)
  v24 (6.57s)
  v25 (7.13s)
  v26 (6.45s)
  v27 (6.09s)
  v28 (5.81s)
  v29 (6.69s)
  v30 (6.89s)
  v31 (6.97s)
  v32 (5.85s)
  v33 (6.77s)
  v34 (6.45s)
  v35 (7.09s)
  v36 (6.65s)
  v37 (7.57s)
  v38 (5.29s)
  manifest.json (43 segmenten)

=== lukas 4 stem v (44 verzen) ===
  intro (2.41s)
  h1 kopje (1.77s)
  v1 (6.45s)
  v2 (8.13s)
  v3 (5.77s)
  v4 (8.21s)
  v5 (6.81s)
  v6 (10.13s)
  v7 (3.25s)
  v8 (8.17s)
  v9 (9.49s)
  v10 (5.41s)
  v11 (5.97s)
  v12 (6.41s)
  v13 (4.41s)
  h14 kopje (1.45s)
  v14 (8.09s)
  v15 (4.13s)
  v16 (9.33s)
  v17 (7.89s)
  v18 (10.97s)
  v19 (10.21s)
  v20 (8.97s)
  v21 (4.61s)
  v22 (9.37s)
  v23 (12.81s)
  v24 (5.69s)
  v25 (12.25s)
  v26 (6.49s)
  v27 (8.53s)
  v28 (4.33s)
  v29 (9.93s)
  v30 (3.53s)
  h31 kopje (3.37s)
  v31 (5.37s)
  v32 (3.89s)
  v33 (6.49s)
  v34 (11.33s)
  v35 (10.73s)
  v36 (11.09s)
  v37 (3.81s)
  h38 kopje (2.01s)
  v38 (10.25s)
  v39 (7.13s)
  v40 (9.65s)
  v41 (12.05s)
  v42 (10.93s)
  v43 (7.33s)
  v44 (2.45s)
  manifest.json (49 segmenten)

=== lukas 5 stem v (39 verzen) ===
  intro (2.41s)
  h1 kopje (1.41s)
  v1 (7.29s)
  v2 (6.41s)
  v3 (9.29s)
  v4 (6.49s)
  v5 (8.77s)
  v6 (5.29s)
  v7 (9.57s)
  v8 (9.09s)
  v9 (6.65s)
  v10 (11.45s)
  v11 (4.85s)
  h12 kopje (1.45s)
  v12 (13.33s)
  v13 (8.21s)
  v14 (11.85s)
  v15 (7.65s)
  v16 (2.97s)
  h17 kopje (1.73s)
  v17 (14.09s)
  v18 (7.37s)
  v19 (10.69s)
  v20 (4.85s)
  v21 (9.01s)
  v22 (6.41s)
  v23 (5.33s)
  v24 (12.17s)
  v25 (8.77s)
  v26 (8.81s)
  h27 kopje (1.45s)
  v27 (7.29s)
  v28 (3.69s)
  v29 (8.45s)
  v30 (7.89s)
  v31 (5.97s)
  v32 (3.97s)
  h33 kopje (1.65s)
  v33 (10.49s)
  v34 (5.53s)
  v35 (6.33s)
  v36 (11.29s)
  v37 (10.61s)
  v38 (5.57s)
  v39 (5.61s)
  manifest.json (45 segmenten)

=== lukas 6 stem v (49 verzen) ===
  intro (3.09s)
  h1 kopje (1.85s)
  v1 (8.81s)
  v2 (6.09s)
  v3 (7.97s)
  v4 (11.53s)
  v5 (4.41s)
  h6 kopje (2.05s)
  v6 (8.21s)
  v7 (7.93s)
  v8 (9.97s)
  v9 (9.93s)
  v10 (9.53s)
  v11 (5.49s)
  h12 kopje (1.97s)
  v12 (7.49s)
  v13 (7.37s)
  v14 (8.49s)
  v15 (6.97s)
  v16 (4.65s)
  v17 (12.69s)
  v18 (9.13s)
  v19 (5.33s)
  h20 kopje (2.01s)
  v20 (8.01s)
  v21 (6.97s)
  v22 (9.25s)
  v23 (8.93s)
  v24 (2.85s)
  v25 (7.53s)
  v26 (6.69s)
  h27 kopje (1.45s)
  v27 (6.05s)
  v28 (4.77s)
  v29 (8.13s)
  v30 (5.97s)
  v31 (4.25s)
  v32 (7.29s)
  v33 (5.77s)
  v34 (9.45s)
  v35 (13.13s)
  v36 (3.57s)
  h37 kopje (1.17s)
  v37 (8.73s)
  v38 (13.01s)
  v39 (7.65s)
  v40 (5.61s)
  v41 (6.89s)
  v42 (17.37s)
  h43 kopje (1.57s)
  v43 (6.45s)
  v44 (6.73s)
  v45 (12.77s)
  h46 kopje (1.61s)
  v46 (3.81s)
  v47 (6.77s)
  v48 (15.21s)
  v49 (13.37s)
  manifest.json (58 segmenten)

=== lukas 7 stem v (50 verzen) ===
  intro (2.05s)
  h1 kopje (1.89s)
  v1 (6.05s)
  v2 (6.61s)
  v3 (8.25s)
  v4 (6.77s)
  v5 (4.21s)
  v6 (13.89s)
  v7 (7.65s)
  v8 (14.37s)
  v9 (12.53s)
  v10 (5.09s)
  h11 kopje (1.81s)
  v11 (8.97s)
  v12 (11.45s)
  v13 (6.17s)
  v14 (8.17s)
  v15 (4.57s)
  v16 (9.25s)
  v17 (5.05s)
  h18 kopje (1.61s)
  v18 (3.33s)
  v19 (9.73s)
  v20 (9.81s)
  v21 (6.97s)
  v22 (17.33s)
  v23 (3.17s)
  h24 kopje (2.29s)
  v24 (11.65s)
  v25 (9.49s)
  v26 (6.33s)
  v27 (8.65s)
  v28 (10.89s)
  v29 (7.53s)
  v30 (6.85s)
  v31 (6.01s)
  v32 (11.53s)
  v33 (7.41s)
  v34 (11.53s)
  v35 (3.05s)
  h36 kopje (1.97s)
  v36 (7.77s)
  v37 (9.69s)
  v38 (11.37s)
  v39 (14.25s)
  v40 (7.41s)
  v41 (7.73s)
  v42 (6.53s)
  v43 (9.45s)
  v44 (14.53s)
  v45 (6.25s)
  v46 (5.05s)
  v47 (9.45s)
  v48 (2.57s)
  v49 (5.97s)
  v50 (4.41s)
  manifest.json (56 segmenten)

=== lukas 8 stem v (56 verzen) ===
  intro (2.85s)
  h1 kopje (1.81s)
  v1 (10.41s)
  v2 (8.97s)
  v3 (7.85s)
  h4 kopje (1.01s)
  v4 (6.65s)
  v5 (9.33s)
  v6 (6.01s)
  v7 (5.77s)
  v8 (10.69s)
  v9 (4.49s)
  v10 (11.41s)
  v11 (4.09s)
  v12 (10.09s)
  v13 (13.41s)
  v14 (11.37s)
  v15 (10.33s)
  h16 kopje (1.85s)
  v16 (10.33s)
  v17 (7.61s)
  v18 (9.05s)
  h19 kopje (1.61s)
  v19 (5.61s)
  v20 (6.69s)
  v21 (7.21s)
  h22 kopje (1.25s)
  v22 (10.97s)
  v23 (7.41s)
  v24 (13.37s)
  v25 (12.13s)
  h26 kopje (1.69s)
  v26 (4.49s)
  v27 (12.57s)
  v28 (13.17s)
  v29 (15.33s)
  v30 (8.25s)
  v31 (4.05s)
  v32 (10.09s)
  v33 (7.17s)
  v34 (7.17s)
  v35 (13.49s)
  v36 (4.77s)
  v37 (12.53s)
  v38 (8.45s)
  v39 (10.65s)
  h40 kopje (1.73s)
  v40 (6.53s)
  v41 (10.37s)
  v42 (9.05s)
  v43 (9.01s)
  v44 (6.57s)
  v45 (14.25s)
  v46 (6.13s)
  v47 (12.21s)
  v48 (6.37s)
  v49 (8.93s)
  v50 (7.73s)
  v51 (8.93s)
  v52 (8.41s)
  v53 (3.57s)
  v54 (6.17s)
  v55 (6.13s)
  v56 (5.41s)
  manifest.json (64 segmenten)

=== lukas 9 stem v (62 verzen) ===
  intro (2.89s)
  h1 kopje (1.53s)
  v1 (7.05s)
  v2 (5.41s)
  v3 (10.25s)
  v4 (4.25s)
  v5 (7.05s)
  v6 (7.41s)
  h7 kopje (1.77s)
  v7 (9.77s)
  v8 (6.37s)
  v9 (7.93s)
  h10 kopje (1.73s)
  v10 (10.41s)
  v11 (10.01s)
  v12 (16.65s)
  v13 (11.53s)
  v14 (7.69s)
  v15 (2.97s)
  v16 (10.93s)
  v17 (7.81s)
  h18 kopje (1.57s)
  v18 (8.57s)
  v19 (8.53s)
  v20 (8.21s)
  v21 (3.69s)
  v22 (10.81s)
  h23 kopje (1.53s)
  v23 (8.61s)
  v24 (7.69s)
  v25 (6.61s)
  v26 (12.25s)
  v27 (9.25s)
  h28 kopje (2.57s)
  v28 (9.29s)
  v29 (5.89s)
  v30 (4.33s)
  v31 (6.33s)
  v32 (10.01s)
  v33 (16.13s)
  v34 (6.69s)
  v35 (5.69s)
  v36 (8.53s)
  h37 kopje (1.77s)
  v37 (6.25s)
  v38 (8.73s)
  v39 (8.69s)
  v40 (5.45s)
  v41 (9.57s)
  v42 (11.25s)
  h43 kopje (2.33s)
  v43 (8.61s)
  v44 (5.65s)
  v45 (7.61s)
  h46 kopje (1.61s)
  v46 (4.49s)
  v47 (5.65s)
  v48 (12.13s)
  h49 kopje (1.65s)
  v49 (10.45s)
  v50 (5.61s)
  h51 kopje (1.49s)
  v51 (7.41s)
  v52 (8.37s)
  v53 (4.81s)
  v54 (13.09s)
  v55 (5.37s)
  v56 (7.13s)
  h57 kopje (1.53s)
  v57 (7.25s)
  v58 (8.77s)
  v59 (8.57s)
  v60 (7.49s)
  v61 (7.05s)
  v62 (8.49s)
  manifest.json (75 segmenten)

=== lukas 10 stem v (42 verzen) ===
  intro (2.01s)
  h1 kopje (1.73s)
  v1 (9.85s)
  v2 (9.97s)
  v3 (4.57s)
  v4 (5.21s)
  v5 (4.01s)
  v6 (7.89s)
  v7 (10.41s)
  v8 (4.85s)
  v9 (6.85s)
  v10 (5.73s)
  v11 (8.69s)
  v12 (6.13s)
  h13 kopje (1.41s)
  v13 (12.33s)
  v14 (4.01s)
  v15 (5.89s)
  v16 (8.65s)
  h17 kopje (1.97s)
  v17 (7.49s)
  v18 (4.29s)
  v19 (9.33s)
  v20 (7.65s)
  h21 kopje (1.57s)
  v21 (16.81s)
  v22 (11.81s)
  v23 (6.65s)
  v24 (10.89s)
  h25 kopje (1.57s)
  v25 (8.49s)
  v26 (4.13s)
  v27 (13.57s)
  v28 (4.89s)
  v29 (5.01s)
  v30 (14.09s)
  v31 (5.81s)
  v32 (7.01s)
  v33 (7.17s)
  v34 (10.21s)
  v35 (13.25s)
  v36 (5.41s)
  v37 (7.97s)
  h38 kopje (1.85s)
  v38 (8.89s)
  v39 (6.61s)
  v40 (11.97s)
  v41 (7.21s)
  v42 (5.89s)
  manifest.json (49 segmenten)

=== lukas 11 stem v (54 verzen) ===
  intro (2.21s)
  h1 kopje (1.37s)
  v1 (12.29s)
  v2 (13.13s)
  v3 (2.65s)
  v4 (8.21s)
  h5 kopje (1.61s)
  v5 (8.77s)
  v6 (4.57s)
Traceback (most recent call last):
  File "/home/maarten/Documents/GitHub/website-open-bijbelvertaling/.venv-higgs-v3/lib/python3.12/site-packages/urllib3/connectionpool.py", line 534, in _make_request
    response = conn.getresponse()
               ^^^^^^^^^^^^^^^^^^
  File "/home/maarten/Documents/GitHub/website-open-bijbelvertaling/.venv-higgs-v3/lib/python3.12/site-packages/urllib3/connection.py", line 571, in getresponse
    httplib_response = super().getresponse()
                       ^^^^^^^^^^^^^^^^^^^^^
  File "/usr/lib/python3.12/http/client.py", line 1457, in getresponse
    response.begin()
  File "/usr/lib/python3.12/http/client.py", line 336, in begin
    version, status, reason = self._read_status()
                              ^^^^^^^^^^^^^^^^^^^
  File "/usr/lib/python3.12/http/client.py", line 297, in _read_status
    line = str(self.fp.readline(_MAXLINE + 1), "iso-8859-1")
               ^^^^^^^^^^^^^^^^^^^^^^^^^^^^^^
  File "/usr/lib/python3.12/socket.py", line 707, in readinto
    return self._sock.recv_into(b)
           ^^^^^^^^^^^^^^^^^^^^^^^
TimeoutError: timed out

The above exception was the direct cause of the following exception:

Traceback (most recent call last):
  File "/home/maarten/Documents/GitHub/website-open-bijbelvertaling/.venv-higgs-v3/lib/python3.12/site-packages/requests/adapters.py", line 696, in send
    resp = conn.urlopen(
           ^^^^^^^^^^^^^
  File "/home/maarten/Documents/GitHub/website-open-bijbelvertaling/.venv-higgs-v3/lib/python3.12/site-packages/urllib3/connectionpool.py", line 842, in urlopen
    retries = retries.increment(
              ^^^^^^^^^^^^^^^^^^
  File "/home/maarten/Documents/GitHub/website-open-bijbelvertaling/.venv-higgs-v3/lib/python3.12/site-packages/urllib3/util/retry.py", line 498, in increment
    raise reraise(type(error), error, _stacktrace)
          ^^^^^^^^^^^^^^^^^^^^^^^^^^^^^^^^^^^^^^^^
  File "/home/maarten/Documents/GitHub/website-open-bijbelvertaling/.venv-higgs-v3/lib/python3.12/site-packages/urllib3/util/util.py", line 39, in reraise
    raise value
  File "/home/maarten/Documents/GitHub/website-open-bijbelvertaling/.venv-higgs-v3/lib/python3.12/site-packages/urllib3/connectionpool.py", line 788, in urlopen
    response = self._make_request(
               ^^^^^^^^^^^^^^^^^^^
  File "/home/maarten/Documents/GitHub/website-open-bijbelvertaling/.venv-higgs-v3/lib/python3.12/site-packages/urllib3/connectionpool.py", line 536, in _make_request
    self._raise_timeout(err=e, url=url, timeout_value=read_timeout)
  File "/home/maarten/Documents/GitHub/website-open-bijbelvertaling/.venv-higgs-v3/lib/python3.12/site-packages/urllib3/connectionpool.py", line 367, in _raise_timeout
    raise ReadTimeoutError(
urllib3.exceptions.ReadTimeoutError: HTTPConnectionPool(host='127.0.0.1', port=8765): Read timed out. (read timeout=120)

During handling of the above exception, another exception occurred:

Traceback (most recent call last):
  File "<frozen runpy>", line 198, in _run_module_as_main
  File "<frozen runpy>", line 88, in _run_code
  File "/home/maarten/Documents/GitHub/website-open-bijbelvertaling/scripts/tts/generate_chunks.py", line 256, in <module>
    main()
  File "/home/maarten/Documents/GitHub/website-open-bijbelvertaling/scripts/tts/generate_chunks.py", line 244, in main
    generate_chapter(book, ch, args.voice, ref_audio, ref_text, args.force)
  File "/home/maarten/Documents/GitHub/website-open-bijbelvertaling/scripts/tts/generate_chunks.py", line 184, in generate_chapter
    d = synth(raw, outdir / f, ref_audio, ref_text)
        ^^^^^^^^^^^^^^^^^^^^^^^^^^^^^^^^^^^^^^^^^^^
  File "/home/maarten/Documents/GitHub/website-open-bijbelvertaling/scripts/tts/generate_chunks.py", line 115, in synth
    resp = requests.post(url, json=payload, headers={"Content-Type": "application/json"},
           ^^^^^^^^^^^^^^^^^^^^^^^^^^^^^^^^^^^^^^^^^^^^^^^^^^^^^^^^^^^^^^^^^^^^^^^^^^^^^^
  File "/home/maarten/Documents/GitHub/website-open-bijbelvertaling/.venv-higgs-v3/lib/python3.12/site-packages/requests/api.py", line 134, in post
    return request("post", url, data=data, json=json, **kwargs)
           ^^^^^^^^^^^^^^^^^^^^^^^^^^^^^^^^^^^^^^^^^^^^^^^^^^^^
  File "/home/maarten/Documents/GitHub/website-open-bijbelvertaling/.venv-higgs-v3/lib/python3.12/site-packages/requests/api.py", line 71, in request
    return session.request(method=method, url=url, **kwargs)
           ^^^^^^^^^^^^^^^^^^^^^^^^^^^^^^^^^^^^^^^^^^^^^^^^^
  File "/home/maarten/Documents/GitHub/website-open-bijbelvertaling/.venv-higgs-v3/lib/python3.12/site-packages/requests/sessions.py", line 651, in request
    resp = self.send(prep, **send_kwargs)
           ^^^^^^^^^^^^^^^^^^^^^^^^^^^^^^
  File "/home/maarten/Documents/GitHub/website-open-bijbelvertaling/.venv-higgs-v3/lib/python3.12/site-packages/requests/sessions.py", line 784, in send
    r = adapter.send(request, **kwargs)
        ^^^^^^^^^^^^^^^^^^^^^^^^^^^^^^^
  File "/home/maarten/Documents/GitHub/website-open-bijbelvertaling/.venv-higgs-v3/lib/python3.12/site-packages/requests/adapters.py", line 742, in send
    raise ReadTimeout(e, request=request)
requests.exceptions.ReadTimeout: HTTPConnectionPool(host='127.0.0.1', port=8765): Read timed out. (read timeout=120)
[sup] NT/v: 75/260 (00:53)
Server starten: /home/maarten/Documents/GitHub/website-open-bijbelvertaling/.venv-higgs-v3/bin/sgl-omni serve --model-path bosonai/higgs-audio-v3-tts-4b --port 8765 --host 127.0.0.1 --model-name higgs-audio-v3-tts
Wachten op server (max 360s)...
[server] WARNING:sglang_omni.models.higgs_tts._vendored.higgs_audio_v2_tokenizer_hf:Could not determine semantic model type from config architecture. Defaulting to `HubertConfig`.
[server] WARNING:sglang.srt.models.registry:Ignore import error when loading sglang.srt.models.glmasr: cannot import name 'GlmAsrConfig' from 'transformers' (/home/maarten/Documents/GitHub/website-open-bijbelvertaling/.venv-higgs-v3/lib/python3.12/site-packages/transformers/__init__.py)
[server] [Gloo] Rank 0 is connected to 0 peer ranks. Expected number of connected peer ranks is : 0
[server] [Gloo] Rank 0 is connected to 0 peer ranks. Expected number of connected peer ranks is : 0
[server] [Gloo] Rank 0 is connected to 0 peer ranks. Expected number of connected peer ranks is : 0
[server] [Gloo] Rank 0 is connected to 0 peer ranks. Expected number of connected peer ranks is : 0
Server luistert op poort.
  overslaan (up-to-date): mattheus 1 v
  overslaan (up-to-date): mattheus 2 v
  overslaan (up-to-date): mattheus 3 v
  overslaan (up-to-date): mattheus 4 v
  overslaan (up-to-date): mattheus 5 v
  overslaan (up-to-date): mattheus 6 v
  overslaan (up-to-date): mattheus 7 v
  overslaan (up-to-date): mattheus 8 v
  overslaan (up-to-date): mattheus 9 v
  overslaan (up-to-date): mattheus 10 v
  overslaan (up-to-date): mattheus 11 v
  overslaan (up-to-date): mattheus 12 v
  overslaan (up-to-date): mattheus 13 v
  overslaan (up-to-date): mattheus 14 v
  overslaan (up-to-date): mattheus 15 v
  overslaan (up-to-date): mattheus 16 v
  overslaan (up-to-date): mattheus 17 v
  overslaan (up-to-date): mattheus 18 v
  overslaan (up-to-date): mattheus 19 v
  overslaan (up-to-date): mattheus 20 v
  overslaan (up-to-date): mattheus 21 v
  overslaan (up-to-date): mattheus 22 v
  overslaan (up-to-date): mattheus 23 v
  overslaan (up-to-date): mattheus 24 v
  overslaan (up-to-date): mattheus 25 v
  overslaan (up-to-date): mattheus 26 v
  overslaan (up-to-date): mattheus 27 v
  overslaan (up-to-date): mattheus 28 v
  overslaan (up-to-date): markus 1 v
  overslaan (up-to-date): markus 2 v
  overslaan (up-to-date): markus 3 v
  overslaan (up-to-date): markus 4 v
  overslaan (up-to-date): markus 5 v
  overslaan (up-to-date): markus 6 v
  overslaan (up-to-date): markus 7 v
  overslaan (up-to-date): markus 8 v
  overslaan (up-to-date): markus 9 v
  overslaan (up-to-date): markus 10 v
  overslaan (up-to-date): markus 11 v
  overslaan (up-to-date): markus 12 v
  overslaan (up-to-date): markus 13 v
  overslaan (up-to-date): markus 14 v
  overslaan (up-to-date): markus 15 v
  overslaan (up-to-date): markus 16 v
  overslaan (up-to-date): lukas 1 v
  overslaan (up-to-date): lukas 2 v
  overslaan (up-to-date): lukas 3 v
  overslaan (up-to-date): lukas 4 v
  overslaan (up-to-date): lukas 5 v
  overslaan (up-to-date): lukas 6 v
  overslaan (up-to-date): lukas 7 v
  overslaan (up-to-date): lukas 8 v
  overslaan (up-to-date): lukas 9 v
  overslaan (up-to-date): lukas 10 v

=== lukas 11 stem v (54 verzen) ===
  intro (2.33s)
  h1 kopje (1.25s)
  v1 (11.69s)
  v2 (13.65s)
  v3 (2.37s)
  v4 (8.25s)
  h5 kopje (1.57s)
  v5 (7.93s)
  v6 (4.89s)
  v7 (11.45s)
  v8 (11.49s)
  v9 (7.97s)
  v10 (6.85s)
  v11 (7.89s)
  v12 (4.17s)
  v13 (8.85s)
  h14 kopje (2.33s)
  v14 (9.29s)
  v15 (5.93s)
  v16 (4.33s)
  v17 (11.21s)
  v18 (9.25s)
  v19 (7.65s)
  v20 (6.61s)
  v21 (4.41s)
  v22 (10.37s)
  v23 (5.37s)
  h24 kopje (1.93s)
  v24 (11.81s)
  v25 (3.61s)
  v26 (11.05s)
  h27 kopje (1.37s)
  v27 (12.69s)
  v28 (6.33s)
  h29 kopje (1.45s)
  v29 (12.13s)
  v30 (6.37s)
  v31 (13.57s)
  v32 (10.97s)
  h33 kopje (1.25s)
  v33 (10.29s)
  v34 (9.57s)
  v35 (4.25s)
  v36 (10.45s)
  h37 kopje (2.33s)
  v37 (7.89s)
  v38 (7.01s)
  v39 (10.01s)
  v40 (5.29s)
  v41 (5.29s)
  v42 (12.65s)
  v43 (6.33s)
  v44 (11.41s)
  v45 (8.09s)
  v46 (9.73s)
  v47 (4.97s)
  v48 (7.49s)
  v49 (8.89s)
  v50 (6.97s)
  v51 (9.41s)
  v52 (8.45s)
  v53 (7.57s)
  v54 (5.69s)
  manifest.json (63 segmenten)

=== lukas 12 stem v (59 verzen) ===
  intro (2.53s)
  h1 kopje (2.37s)
  v1 (14.13s)
  v2 (5.25s)
  v3 (9.85s)
  h4 kopje (1.37s)
  v4 (7.25s)
  v5 (11.73s)
  v6 (6.09s)
  v7 (6.17s)
  h8 kopje (1.45s)
  v8 (7.33s)
  v9 (5.01s)
  v10 (10.37s)
  v11 (9.73s)
  v12 (3.97s)
  h13 kopje (1.53s)
  v13 (6.17s)
  v14 (5.13s)
  v15 (8.45s)
  v16 (5.37s)
  v17 (7.13s)
  v18 (9.05s)
  v19 (10.25s)
  v20 (8.45s)
  v21 (4.77s)
  h22 kopje (2.05s)
  v22 (9.61s)
  v23 (4.25s)
  v24 (9.13s)
  v25 (3.61s)
  v26 (3.97s)
  v27 (10.97s)
  v28 (8.29s)
  v29 (6.01s)
  v30 (5.97s)
  v31 (4.81s)
  v32 (6.33s)
  v33 (12.01s)
  v34 (2.77s)
  h35 kopje (1.57s)
  v35 (3.53s)
  v36 (9.53s)
  v37 (12.09s)
  v38 (7.93s)
  v39 (9.61s)
  v40 (6.13s)
  v41 (5.41s)
  v42 (10.21s)
  v43 (5.45s)
  v44 (3.89s)
  v45 (10.65s)
  v46 (10.33s)
  v47 (8.69s)
  v48 (16.57s)
  h49 kopje (1.53s)
  v49 (5.33s)
  v50 (5.93s)
  v51 (6.77s)
  v52 (5.81s)
  v53 (13.05s)
  h54 kopje (1.73s)
  v54 (8.81s)
  v55 (5.37s)
  v56 (6.57s)
  v57 (3.13s)
  v58 (14.97s)
  v59 (6.13s)
  manifest.json (68 segmenten)

=== lukas 13 stem v (35 verzen) ===
  intro (2.37s)
  h1 kopje (1.61s)
  v1 (8.21s)
  v2 (9.33s)
  v3 (5.57s)
  v4 (10.53s)
  v5 (5.13s)
  h6 kopje (1.97s)
  v6 (8.69s)
  v7 (10.37s)
  v8 (8.33s)
  v9 (5.81s)
  h10 kopje (2.09s)
  v10 (3.05s)
  v11 (8.49s)
  v12 (6.53s)
  v13 (4.85s)
  v14 (14.33s)
  v15 (8.81s)
  v16 (10.01s)
  v17 (9.09s)
  h18 kopje (2.37s)
  v18 (5.89s)
  v19 (11.17s)
  v20 (3.77s)
  v21 (7.17s)
  h22 kopje (1.05s)
  v22 (6.53s)
  v23 (5.97s)
  v24 (6.77s)
  v25 (16.57s)
  v26 (7.01s)
  v27 (8.57s)
  v28 (10.61s)
  v29 (6.49s)
  v30 (6.21s)
  h31 kopje (1.45s)
  v31 (7.37s)
  v32 (10.37s)
  v33 (8.53s)
  v34 (14.61s)
  v35 (13.53s)
  manifest.json (42 segmenten)

=== lukas 14 stem v (35 verzen) ===
  intro (2.65s)
  h1 kopje (1.89s)
  v1 (9.05s)
  v2 (3.17s)
  v3 (8.21s)
  v4 (4.73s)
  v5 (8.85s)
  v6 (2.21s)
  h7 kopje (1.53s)
  v7 (6.65s)
  v8 (9.25s)
  v9 (9.45s)
  v10 (14.05s)
  v11 (6.73s)
  h12 kopje (2.09s)
  v12 (16.97s)
  v13 (5.89s)
  v14 (8.01s)
  h15 kopje (1.33s)
  v15 (8.53s)
  v16 (5.57s)
  v17 (7.65s)
  v18 (12.69s)
  v19 (8.61s)
  v20 (4.21s)
  v21 (16.01s)
  v22 (6.05s)
  v23 (6.93s)
  v24 (5.25s)
  h25 kopje (1.49s)
  v25 (4.69s)
  v26 (10.97s)
  v27 (4.53s)
  v28 (8.53s)
  v29 (7.13s)
  v30 (4.69s)
  v31 (12.21s)
  v32 (6.29s)
  v33 (5.61s)
  h34 kopje (1.93s)
  v34 (5.65s)
  v35 (7.37s)
  manifest.json (42 segmenten)

=== lukas 15 stem v (32 verzen) ===
  intro (2.65s)
  h1 kopje (1.25s)
  v1 (4.13s)
  v2 (6.25s)
  v3 (2.61s)
  v4 (10.57s)
  v5 (4.13s)
  v6 (9.53s)
  v7 (9.93s)
  h8 kopje (1.37s)
  v8 (9.85s)
  v9 (9.17s)
  v10 (5.53s)
  h11 kopje (1.05s)
  v11 (2.77s)
  v12 (7.13s)
  v13 (11.25s)
  v14 (5.69s)
  v15 (6.49s)
  v16 (5.37s)
  v17 (7.97s)
  v18 (7.49s)
  v19 (4.89s)
  v20 (11.17s)
  v21 (8.49s)
  v22 (8.21s)
  v23 (4.97s)
  v24 (7.57s)
  v25 (6.09s)
  v26 (4.05s)
  v27 (7.97s)
  v28 (6.09s)
  v29 (12.01s)
  v30 (7.61s)
  v31 (4.69s)
  v32 (8.17s)
  manifest.json (36 segmenten)

=== lukas 16 stem v (31 verzen) ===
  intro (2.53s)
  h1 kopje (1.89s)
  v1 (9.17s)
  v2 (8.93s)
  v3 (9.21s)
  v4 (7.33s)
  v5 (6.73s)
  v6 (7.65s)
  v7 (11.37s)
  v8 (10.09s)
  v9 (9.41s)
  v10 (8.65s)
  v11 (5.45s)
  v12 (4.89s)
  v13 (11.33s)
  h14 kopje (1.13s)
  v14 (5.53s)
  v15 (9.69s)
  v16 (8.17s)
  v17 (5.53s)
  v18 (8.57s)
  h19 kopje (1.73s)
  v19 (8.25s)
  v20 (4.97s)
  v21 (7.53s)
  v22 (5.45s)
  v23 (9.85s)
  v24 (11.45s)
  v25 (10.73s)
  v26 (12.13s)
  v27 (5.13s)
  v28 (6.09s)
  v29 (4.53s)
  v30 (6.65s)
  v31 (9.93s)
  manifest.json (35 segmenten)

=== lukas 17 stem v (37 verzen) ===
  intro (2.65s)
  h1 kopje (1.61s)
  v1 (7.29s)
  v2 (8.33s)
  v3 (7.01s)
  v4 (9.17s)
  h5 kopje (1.69s)
  v5 (3.65s)
  v6 (10.85s)
  v7 (9.29s)
  v8 (9.97s)
  v9 (6.17s)
  v10 (9.81s)
  h11 kopje (1.77s)
  v11 (5.61s)
  v12 (5.13s)
  v13 (5.61s)
  v14 (8.73s)
  v15 (6.21s)
  v16 (6.29s)
  v17 (5.61s)
  v18 (5.21s)
  v19 (4.65s)
  h20 kopje (1.61s)
  v20 (9.89s)
  v21 (6.01s)
  v22 (8.85s)
  v23 (6.33s)
  v24 (9.81s)
  v25 (3.89s)
  v26 (5.65s)
  v27 (11.05s)
  v28 (9.29s)
  v29 (7.49s)
  v30 (4.61s)
  v31 (13.77s)
  v32 (1.73s)
  v33 (8.01s)
  v34 (6.93s)
  v35 (5.33s)
  v36 (4.89s)
  v37 (8.45s)
  manifest.json (42 segmenten)

=== lukas 18 stem v (43 verzen) ===
  intro (2.57s)
  h1 kopje (1.65s)
  v1 (5.89s)
  v2 (5.97s)
  v3 (6.17s)
  v4 (7.09s)
  v5 (7.93s)
  v6 (4.01s)
  v7 (6.45s)
  v8 (7.93s)
  h9 kopje (2.05s)
  v9 (7.41s)
  v10 (5.69s)
  v11 (13.01s)
  v12 (3.93s)
  v13 (10.29s)
  v14 (11.01s)
  h15 kopje (1.41s)
  v15 (7.37s)
  v16 (9.81s)
  v17 (7.73s)
  h18 kopje (1.41s)
  v18 (6.53s)
  v19 (6.57s)
  v20 (9.49s)
  v21 (3.49s)
  v22 (11.53s)
  v23 (4.17s)
  v24 (9.25s)
  v25 (6.45s)
  v26 (2.89s)
  v27 (5.05s)
  v28 (4.77s)
  v29 (10.85s)
  v30 (5.49s)
  h31 kopje (1.85s)
  v31 (10.61s)
  v32 (7.33s)
  v33 (5.61s)
  v34 (6.97s)
  h35 kopje (1.81s)
  v35 (6.69s)
  v36 (4.09s)
  v37 (3.77s)
  v38 (5.73s)
  v39 (7.93s)
  v40 (8.41s)
  v41 (5.93s)
  v42 (4.33s)
  v43 (7.53s)
  manifest.json (50 segmenten)

=== lukas 19 stem v (48 verzen) ===
  intro (2.49s)
  h1 kopje (1.77s)
  v1 (3.25s)
  v2 (7.17s)
  v3 (6.53s)
  v4 (7.01s)
  v5 (11.05s)
  v6 (3.65s)
  v7 (6.53s)
  v8 (11.57s)
  v9 (7.05s)
  v10 (5.37s)
  h11 kopje (2.53s)
  v11 (10.73s)
  v12 (9.29s)
  v13 (7.09s)
  v14 (6.97s)
  v15 (12.81s)
  v16 (4.93s)
  v17 (7.93s)
  v18 (4.37s)
  v19 (4.17s)
  v20 (5.93s)
  v21 (7.97s)
  v22 (12.29s)
  v23 (6.21s)
  v24 (6.69s)
  v25 (3.45s)
  v26 (8.37s)
  v27 (7.57s)
  h28 kopje (1.53s)
  v28 (4.37s)
  v29 (9.33s)
  v30 (12.05s)
  v31 (6.93s)
  v32 (5.29s)
  v33 (5.81s)
  v34 (2.61s)
  v35 (6.53s)
  v36 (3.89s)
  v37 (11.81s)
  v38 (8.41s)
  v39 (5.37s)
  v40 (6.77s)
  h41 kopje (1.73s)
  v41 (3.77s)
  v42 (8.45s)
  v43 (8.17s)
  v44 (10.65s)
  h45 kopje (1.53s)
  v45 (5.49s)
  v46 (7.93s)
  v47 (7.57s)
  v48 (5.81s)
  manifest.json (54 segmenten)

=== lukas 20 stem v (47 verzen) ===
  intro (2.29s)
  h1 kopje (1.93s)
  v1 (10.45s)
  v2 (7.45s)
  v3 (5.61s)
  v4 (3.73s)
  v5 (8.25s)
  v6 (7.29s)
  v7 (3.61s)
  v8 (4.81s)
  h9 kopje (1.97s)
  v9 (9.65s)
  v10 (11.21s)
  v11 (6.77s)
  v12 (5.13s)
  v13 (8.77s)
  v14 (9.85s)
  v15 (6.13s)
  v16 (8.61s)
  v17 (9.81s)
  v18 (6.05s)
  v19 (9.93s)
  h20 kopje (1.33s)
  v20 (12.25s)
  v21 (10.17s)
  v22 (3.37s)
  v23 (3.93s)
  v24 (6.97s)
  v25 (6.01s)
  v26 (6.81s)
  h27 kopje (1.45s)
  v27 (6.85s)
  v28 (12.73s)
  v29 (4.73s)
  v30 (4.37s)
  v31 (7.41s)
  v32 (2.57s)
  v33 (6.13s)
  v34 (6.69s)
  v35 (8.41s)
  v36 (7.25s)
  v37 (10.13s)
  v38 (4.73s)
  v39 (6.29s)
  v40 (2.25s)
  h41 kopje (1.69s)
  v41 (4.17s)
  v42 (6.81s)
  v43 (4.25s)
  v44 (3.37s)
  h45 kopje (3.21s)
  v45 (3.09s)
  v46 (10.69s)
  v47 (6.85s)
  manifest.json (54 segmenten)

=== lukas 21 stem v (38 verzen) ===
  intro (2.73s)
  h1 kopje (2.41s)
  v1 (3.53s)
  v2 (4.37s)
  v3 (6.65s)
  v4 (8.77s)
  h5 kopje (2.13s)
  v5 (6.01s)
  v6 (9.29s)
  v7 (8.25s)
  v8 (11.09s)
  v9 (10.33s)
  v10 (7.21s)
  v11 (9.85s)
  v12 (12.77s)
  v13 (2.93s)
  v14 (5.69s)
  v15 (7.53s)
  v16 (8.13s)
  v17 (3.13s)
  v18 (2.93s)
  v19 (1.85s)
  h20 kopje (1.41s)
  v20 (7.65s)
  v21 (9.69s)
  v22 (4.93s)
  v23 (7.25s)
  v24 (11.41s)
  h25 kopje (1.77s)
  v25 (10.33s)
  v26 (8.81s)
  v27 (6.01s)
  v28 (7.09s)
  h29 kopje (1.77s)
  v29 (4.41s)
  v30 (6.13s)
  v31 (6.45s)
  v32 (6.49s)
  v33 (5.53s)
  h34 kopje (2.09s)
  v34 (9.97s)
  v35 (5.33s)
  v36 (8.49s)
  v37 (8.33s)
  v38 (4.37s)
  manifest.json (45 segmenten)

=== lukas 22 stem v (71 verzen) ===
  intro (3.49s)
  h1 kopje (1.85s)
  v1 (3.93s)
  v2 (5.81s)
  v3 (6.01s)
  v4 (5.69s)
  v5 (4.33s)
  v6 (6.05s)
  h7 kopje (1.69s)
  v7 (4.45s)
  v8 (6.89s)
  v9 (3.65s)
  v10 (11.05s)
  v11 (8.29s)
  v12 (3.89s)
  v13 (5.53s)
  h14 kopje (1.73s)
  v14 (4.49s)
  v15 (5.57s)
  v16 (6.61s)
  v17 (6.17s)
  v18 (6.97s)
  v19 (10.61s)
  v20 (8.41s)
  h21 kopje (1.53s)
  v21 (4.53s)
  v22 (6.89s)
  v23 (4.77s)
  h24 kopje (1.25s)
  v24 (3.77s)
  v25 (7.33s)
  v26 (7.01s)
  v27 (8.21s)
  v28 (4.09s)
  v29 (4.45s)
  v30 (7.45s)
  h31 kopje (1.81s)
  v31 (7.25s)
  v32 (8.29s)
  v33 (5.85s)
  v34 (8.13s)
  h35 kopje (2.37s)
  v35 (9.45s)
  v36 (10.61s)
  v37 (12.85s)
  v38 (6.45s)
  h39 kopje (2.25s)
  v39 (6.61s)
  v40 (5.37s)
  v41 (5.09s)
  v42 (6.85s)
  v43 (3.77s)
  v44 (7.49s)
  v45 (5.89s)
  v46 (5.81s)
  h47 kopje (1.81s)
  v47 (9.01s)
  v48 (4.85s)
  v49 (7.05s)
  v50 (4.97s)
  v51 (6.89s)
  v52 (10.41s)
  v53 (7.97s)
  h54 kopje (1.93s)
  v54 (7.53s)
  v55 (6.65s)
  v56 (7.21s)
  v57 (3.93s)
  v58 (7.93s)
  v59 (9.37s)
  v60 (6.41s)
  v61 (11.93s)
  v62 (3.09s)
  h63 kopje (2.21s)
  v63 (3.93s)
  v64 (9.21s)
  v65 (3.17s)
  v66 (7.81s)
  v67 (7.57s)
  v68 (4.25s)
  v69 (4.61s)
  v70 (6.85s)
  v71 (5.89s)
  manifest.json (83 segmenten)

=== lukas 23 stem v (56 verzen) ===
  intro (2.77s)
  h1 kopje (2.97s)
  v1 (4.17s)
  v2 (11.65s)
  v3 (6.97s)
  v4 (5.01s)
  v5 (8.37s)
  h6 kopje (1.85s)
  v6 (5.37s)
  v7 (8.33s)
  v8 (11.97s)
  v9 (3.53s)
  v10 (4.29s)
  v11 (8.65s)
  v12 (6.09s)
  h13 kopje (1.37s)
  v13 (5.73s)
  v14 (13.37s)
  v15 (8.77s)
  v16 (2.69s)
  v17 (2.41s)
  v18 (5.53s)
  v19 (6.05s)
  v20 (3.61s)
  v21 (3.89s)
  v22 (9.45s)
  v23 (8.09s)
  v24 (2.89s)
  v25 (8.89s)
  h26 kopje (1.89s)
  v26 (8.41s)
  v27 (5.53s)
  v28 (9.21s)
  v29 (10.25s)
  v30 (5.69s)
  v31 (3.93s)
  v32 (5.49s)
  h33 kopje (1.13s)
  v33 (9.89s)
  v34 (8.25s)
  v35 (12.65s)
  v36 (5.09s)
  v37 (4.21s)
  v38 (8.05s)
  v39 (8.21s)
  v40 (7.41s)
  v41 (7.05s)
  v42 (6.37s)
  v43 (5.13s)
  h44 kopje (1.77s)
  v44 (5.77s)
  v45 (4.37s)
  v46 (8.93s)
  v47 (8.25s)
  v48 (9.01s)
  v49 (6.85s)
  h50 kopje (1.97s)
  v50 (5.17s)
  v51 (8.29s)
  v52 (4.09s)
  v53 (9.25s)
  v54 (3.41s)
  v55 (7.61s)
  v56 (6.21s)
  manifest.json (64 segmenten)

=== lukas 24 stem v (53 verzen) ===
  intro (3.01s)
  h1 kopje (1.25s)
  v1 (9.01s)
  v2 (2.53s)
  v3 (3.69s)
  v4 (6.37s)
  v5 (7.13s)
  v6 (7.41s)
  v7 (8.61s)
  v8 (2.37s)
  v9 (5.85s)
  v10 (8.77s)
  v11 (4.21s)
  v12 (10.85s)
  h13 kopje (1.37s)
  v13 (8.05s)
  v14 (4.49s)
  v15 (6.85s)
  v16 (3.09s)
  v17 (7.77s)
  v18 (10.53s)
  v19 (12.25s)
  v20 (7.49s)
  v21 (10.09s)
  v22 (5.33s)
  v23 (7.81s)
  v24 (9.09s)
  v25 (6.85s)
  v26 (4.33s)
  v27 (7.57s)
  v28 (5.97s)
  v29 (9.09s)
  v30 (7.73s)
  v31 (5.13s)
  v32 (7.25s)
  v33 (7.33s)
  v34 (4.25s)
  v35 (5.77s)
  h36 kopje (2.25s)
  v36 (6.77s)
  v37 (5.57s)
  v38 (4.97s)
  v39 (9.53s)
  v40 (3.21s)
  v41 (7.13s)
  v42 (4.61s)
  v43 (2.25s)
  v44 (12.65s)
  v45 (3.37s)
  v46 (6.89s)
  v47 (6.77s)
  v48 (1.93s)
  v49 (8.33s)
  h50 kopje (1.45s)
  v50 (5.09s)
  v51 (5.77s)
  v52 (4.17s)
  v53 (3.85s)
  manifest.json (58 segmenten)
  overslaan (up-to-date): johannes 1 v
  overslaan (up-to-date): johannes 2 v
  overslaan (up-to-date): johannes 3 v
  overslaan (up-to-date): johannes 4 v
  overslaan (up-to-date): johannes 5 v
  overslaan (up-to-date): johannes 6 v
  overslaan (up-to-date): johannes 7 v
  overslaan (up-to-date): johannes 8 v
  overslaan (up-to-date): johannes 9 v
  overslaan (up-to-date): johannes 10 v
  overslaan (up-to-date): johannes 11 v
  overslaan (up-to-date): johannes 12 v
  overslaan (up-to-date): johannes 13 v
  overslaan (up-to-date): johannes 14 v
  overslaan (up-to-date): johannes 15 v
  overslaan (up-to-date): johannes 16 v
  overslaan (up-to-date): johannes 17 v
  overslaan (up-to-date): johannes 18 v
  overslaan (up-to-date): johannes 19 v
  overslaan (up-to-date): johannes 20 v
  overslaan (up-to-date): johannes 21 v

=== handelingen 1 stem v (26 verzen) ===
  intro (2.65s)
  h1 kopje (1.97s)
  v1 (6.25s)
  v2 (8.41s)
  v3 (13.17s)
  v4 (10.81s)
  v5 (6.37s)
  h6 kopje (1.77s)
  v6 (8.17s)
  v7 (7.17s)
  v8 (12.77s)
  v9 (6.41s)
  v10 (7.29s)
  v11 (12.49s)
  h12 kopje (1.77s)
  v12 (8.89s)
  v13 (18.57s)
  v14 (8.21s)
  h15 kopje (1.85s)
  v15 (8.77s)
  v16 (10.09s)
  v17 (4.05s)
  v18 (9.85s)
  v19 (9.69s)
  v20 (9.17s)
  v21 (8.33s)
  v22 (9.21s)
  v23 (8.33s)
  v24 (8.25s)
  v25 (8.29s)
  v26 (7.69s)
  manifest.json (31 segmenten)

=== handelingen 2 stem v (47 verzen) ===
  intro (2.33s)
  h1 kopje (1.89s)
  v1 (4.85s)
  v2 (7.81s)
  v3 (5.17s)
  v4 (6.85s)
  v5 (6.89s)
  v6 (7.29s)
  v7 (7.81s)
  v8 (4.57s)
  v9 (9.69s)
  v10 (10.33s)
  v11 (5.29s)
  v12 (6.21s)
  v13 (3.41s)
  h14 kopje (2.17s)
  v14 (13.01s)
  v15 (5.21s)
  v16 (3.21s)
  v17 (13.05s)
  v18 (7.05s)
  v19 (7.65s)
  v20 (7.17s)
  v21 (4.93s)
  v22 (13.73s)
  v23 (8.61s)
  v24 (7.81s)
  v25 (7.89s)
  v26 (6.17s)
  v27 (6.61s)
  v28 (5.97s)
  v29 (12.89s)
  v30 (12.09s)
  v31 (8.85s)
  v32 (3.81s)
  v33 (10.09s)
  v34 (8.41s)
  v35 (3.89s)
  v36 (8.93s)
  h37 kopje (1.13s)
  v37 (7.29s)
  v38 (10.81s)
  v39 (8.57s)
  v40 (6.37s)
  v41 (7.21s)
  h42 kopje (2.01s)
  v42 (7.21s)
  v43 (5.69s)
  v44 (4.09s)
  v45 (5.25s)
  v46 (8.73s)
  v47 (8.13s)
  manifest.json (52 segmenten)

=== handelingen 3 stem v (26 verzen) ===
  intro (2.13s)
  h1 kopje (2.29s)
  v1 (5.81s)
  v2 (11.85s)
  v3 (6.81s)
  v4 (4.93s)
  v5 (4.37s)
  v6 (10.85s)
  v7 (5.61s)
  v8 (8.69s)
  v9 (2.85s)
  v10 (10.97s)
  v11 (10.53s)
  h12 kopje (2.33s)
  v12 (12.73s)
  v13 (16.41s)
  v14 (7.65s)
  v15 (6.05s)
  v16 (11.61s)
  v17 (5.45s)
  v18 (7.21s)
  v19 (8.33s)
  v20 (4.13s)
  v21 (9.17s)
  v22 (11.85s)
  v23 (6.49s)
  v24 (9.17s)
  v25 (11.41s)
  v26 (9.53s)
  manifest.json (29 segmenten)

=== handelingen 4 stem v (37 verzen) ===
  intro (2.33s)
  h1 kopje (1.81s)
  v1 (7.13s)
  v2 (6.41s)
  v3 (5.81s)
  v4 (7.45s)
  v5 (4.89s)
  v6 (8.25s)
  v7 (6.37s)
  v8 (7.97s)
  v9 (6.73s)
  v10 (13.97s)
  v11 (5.65s)
  v12 (8.89s)
  v13 (12.41s)
  v14 (5.41s)
  v15 (4.53s)
  v16 (10.25s)
  v17 (8.89s)
  v18 (6.89s)
  v19 (7.65s)
  v20 (4.13s)
  v21 (10.57s)
  v22 (4.93s)
  h23 kopje (1.45s)
  v23 (7.45s)
  v24 (12.09s)
  v25 (7.49s)
  v26 (7.21s)
  v27 (9.53s)
  v28 (4.61s)
  v29 (6.61s)
  v30 (8.49s)
  v31 (11.13s)
  h32 kopje (1.77s)
Traceback (most recent call last):
  File "/home/maarten/Documents/GitHub/website-open-bijbelvertaling/.venv-higgs-v3/lib/python3.12/site-packages/urllib3/connectionpool.py", line 534, in _make_request
    response = conn.getresponse()
               ^^^^^^^^^^^^^^^^^^
  File "/home/maarten/Documents/GitHub/website-open-bijbelvertaling/.venv-higgs-v3/lib/python3.12/site-packages/urllib3/connection.py", line 571, in getresponse
    httplib_response = super().getresponse()
                       ^^^^^^^^^^^^^^^^^^^^^
  File "/usr/lib/python3.12/http/client.py", line 1457, in getresponse
    response.begin()
  File "/usr/lib/python3.12/http/client.py", line 336, in begin
    version, status, reason = self._read_status()
                              ^^^^^^^^^^^^^^^^^^^
  File "/usr/lib/python3.12/http/client.py", line 297, in _read_status
    line = str(self.fp.readline(_MAXLINE + 1), "iso-8859-1")
               ^^^^^^^^^^^^^^^^^^^^^^^^^^^^^^
  File "/usr/lib/python3.12/socket.py", line 707, in readinto
    return self._sock.recv_into(b)
           ^^^^^^^^^^^^^^^^^^^^^^^
TimeoutError: timed out

The above exception was the direct cause of the following exception:

Traceback (most recent call last):
  File "/home/maarten/Documents/GitHub/website-open-bijbelvertaling/.venv-higgs-v3/lib/python3.12/site-packages/requests/adapters.py", line 696, in send
    resp = conn.urlopen(
           ^^^^^^^^^^^^^
  File "/home/maarten/Documents/GitHub/website-open-bijbelvertaling/.venv-higgs-v3/lib/python3.12/site-packages/urllib3/connectionpool.py", line 842, in urlopen
    retries = retries.increment(
              ^^^^^^^^^^^^^^^^^^
  File "/home/maarten/Documents/GitHub/website-open-bijbelvertaling/.venv-higgs-v3/lib/python3.12/site-packages/urllib3/util/retry.py", line 498, in increment
    raise reraise(type(error), error, _stacktrace)
          ^^^^^^^^^^^^^^^^^^^^^^^^^^^^^^^^^^^^^^^^
  File "/home/maarten/Documents/GitHub/website-open-bijbelvertaling/.venv-higgs-v3/lib/python3.12/site-packages/urllib3/util/util.py", line 39, in reraise
    raise value
  File "/home/maarten/Documents/GitHub/website-open-bijbelvertaling/.venv-higgs-v3/lib/python3.12/site-packages/urllib3/connectionpool.py", line 788, in urlopen
    response = self._make_request(
               ^^^^^^^^^^^^^^^^^^^
  File "/home/maarten/Documents/GitHub/website-open-bijbelvertaling/.venv-higgs-v3/lib/python3.12/site-packages/urllib3/connectionpool.py", line 536, in _make_request
    self._raise_timeout(err=e, url=url, timeout_value=read_timeout)
  File "/home/maarten/Documents/GitHub/website-open-bijbelvertaling/.venv-higgs-v3/lib/python3.12/site-packages/urllib3/connectionpool.py", line 367, in _raise_timeout
    raise ReadTimeoutError(
urllib3.exceptions.ReadTimeoutError: HTTPConnectionPool(host='127.0.0.1', port=8765): Read timed out. (read timeout=120)

During handling of the above exception, another exception occurred:

Traceback (most recent call last):
  File "<frozen runpy>", line 198, in _run_module_as_main
  File "<frozen runpy>", line 88, in _run_code
  File "/home/maarten/Documents/GitHub/website-open-bijbelvertaling/scripts/tts/generate_chunks.py", line 256, in <module>
    main()
  File "/home/maarten/Documents/GitHub/website-open-bijbelvertaling/scripts/tts/generate_chunks.py", line 244, in main
    generate_chapter(book, ch, args.voice, ref_audio, ref_text, args.force)
  File "/home/maarten/Documents/GitHub/website-open-bijbelvertaling/scripts/tts/generate_chunks.py", line 184, in generate_chapter
    d = synth(raw, outdir / f, ref_audio, ref_text)
        ^^^^^^^^^^^^^^^^^^^^^^^^^^^^^^^^^^^^^^^^^^^
  File "/home/maarten/Documents/GitHub/website-open-bijbelvertaling/scripts/tts/generate_chunks.py", line 115, in synth
    resp = requests.post(url, json=payload, headers={"Content-Type": "application/json"},
           ^^^^^^^^^^^^^^^^^^^^^^^^^^^^^^^^^^^^^^^^^^^^^^^^^^^^^^^^^^^^^^^^^^^^^^^^^^^^^^
  File "/home/maarten/Documents/GitHub/website-open-bijbelvertaling/.venv-higgs-v3/lib/python3.12/site-packages/requests/api.py", line 134, in post
    return request("post", url, data=data, json=json, **kwargs)
           ^^^^^^^^^^^^^^^^^^^^^^^^^^^^^^^^^^^^^^^^^^^^^^^^^^^^
  File "/home/maarten/Documents/GitHub/website-open-bijbelvertaling/.venv-higgs-v3/lib/python3.12/site-packages/requests/api.py", line 71, in request
    return session.request(method=method, url=url, **kwargs)
           ^^^^^^^^^^^^^^^^^^^^^^^^^^^^^^^^^^^^^^^^^^^^^^^^^
  File "/home/maarten/Documents/GitHub/website-open-bijbelvertaling/.venv-higgs-v3/lib/python3.12/site-packages/requests/sessions.py", line 651, in request
    resp = self.send(prep, **send_kwargs)
           ^^^^^^^^^^^^^^^^^^^^^^^^^^^^^^
  File "/home/maarten/Documents/GitHub/website-open-bijbelvertaling/.venv-higgs-v3/lib/python3.12/site-packages/requests/sessions.py", line 784, in send
    r = adapter.send(request, **kwargs)
        ^^^^^^^^^^^^^^^^^^^^^^^^^^^^^^^
  File "/home/maarten/Documents/GitHub/website-open-bijbelvertaling/.venv-higgs-v3/lib/python3.12/site-packages/requests/adapters.py", line 742, in send
    raise ReadTimeout(e, request=request)
requests.exceptions.ReadTimeout: HTTPConnectionPool(host='127.0.0.1', port=8765): Read timed out. (read timeout=120)
[sup] NT/v: 92/260 (01:32)
Server starten: /home/maarten/Documents/GitHub/website-open-bijbelvertaling/.venv-higgs-v3/bin/sgl-omni serve --model-path bosonai/higgs-audio-v3-tts-4b --port 8765 --host 127.0.0.1 --model-name higgs-audio-v3-tts
Wachten op server (max 360s)...
[server] WARNING:sglang_omni.models.higgs_tts._vendored.higgs_audio_v2_tokenizer_hf:Could not determine semantic model type from config architecture. Defaulting to `HubertConfig`.
[server] WARNING:sglang.srt.models.registry:Ignore import error when loading sglang.srt.models.glmasr: cannot import name 'GlmAsrConfig' from 'transformers' (/home/maarten/Documents/GitHub/website-open-bijbelvertaling/.venv-higgs-v3/lib/python3.12/site-packages/transformers/__init__.py)
[server] [Gloo] Rank 0 is connected to 0 peer ranks. Expected number of connected peer ranks is : 0
[server] [Gloo] Rank 0 is connected to 0 peer ranks. Expected number of connected peer ranks is : 0
[server] [Gloo] Rank 0 is connected to 0 peer ranks. Expected number of connected peer ranks is : 0
[server] [Gloo] Rank 0 is connected to 0 peer ranks. Expected number of connected peer ranks is : 0
Server luistert op poort.
  overslaan (up-to-date): mattheus 1 v
  overslaan (up-to-date): mattheus 2 v
  overslaan (up-to-date): mattheus 3 v
  overslaan (up-to-date): mattheus 4 v
  overslaan (up-to-date): mattheus 5 v
  overslaan (up-to-date): mattheus 6 v
  overslaan (up-to-date): mattheus 7 v
  overslaan (up-to-date): mattheus 8 v
  overslaan (up-to-date): mattheus 9 v
  overslaan (up-to-date): mattheus 10 v
  overslaan (up-to-date): mattheus 11 v
  overslaan (up-to-date): mattheus 12 v
  overslaan (up-to-date): mattheus 13 v
  overslaan (up-to-date): mattheus 14 v
  overslaan (up-to-date): mattheus 15 v
  overslaan (up-to-date): mattheus 16 v
  overslaan (up-to-date): mattheus 17 v
  overslaan (up-to-date): mattheus 18 v
  overslaan (up-to-date): mattheus 19 v
  overslaan (up-to-date): mattheus 20 v
  overslaan (up-to-date): mattheus 21 v
  overslaan (up-to-date): mattheus 22 v
  overslaan (up-to-date): mattheus 23 v
  overslaan (up-to-date): mattheus 24 v
  overslaan (up-to-date): mattheus 25 v
  overslaan (up-to-date): mattheus 26 v
  overslaan (up-to-date): mattheus 27 v
  overslaan (up-to-date): mattheus 28 v
  overslaan (up-to-date): markus 1 v
  overslaan (up-to-date): markus 2 v
  overslaan (up-to-date): markus 3 v
  overslaan (up-to-date): markus 4 v
  overslaan (up-to-date): markus 5 v
  overslaan (up-to-date): markus 6 v
  overslaan (up-to-date): markus 7 v
  overslaan (up-to-date): markus 8 v
  overslaan (up-to-date): markus 9 v
  overslaan (up-to-date): markus 10 v
  overslaan (up-to-date): markus 11 v
  overslaan (up-to-date): markus 12 v
  overslaan (up-to-date): markus 13 v
  overslaan (up-to-date): markus 14 v
  overslaan (up-to-date): markus 15 v
  overslaan (up-to-date): markus 16 v
  overslaan (up-to-date): lukas 1 v
  overslaan (up-to-date): lukas 2 v
  overslaan (up-to-date): lukas 3 v
  overslaan (up-to-date): lukas 4 v
  overslaan (up-to-date): lukas 5 v
  overslaan (up-to-date): lukas 6 v
  overslaan (up-to-date): lukas 7 v
  overslaan (up-to-date): lukas 8 v
  overslaan (up-to-date): lukas 9 v
  overslaan (up-to-date): lukas 10 v
  overslaan (up-to-date): lukas 11 v
  overslaan (up-to-date): lukas 12 v
  overslaan (up-to-date): lukas 13 v
  overslaan (up-to-date): lukas 14 v
  overslaan (up-to-date): lukas 15 v
  overslaan (up-to-date): lukas 16 v
  overslaan (up-to-date): lukas 17 v
  overslaan (up-to-date): lukas 18 v
  overslaan (up-to-date): lukas 19 v
  overslaan (up-to-date): lukas 20 v
  overslaan (up-to-date): lukas 21 v
  overslaan (up-to-date): lukas 22 v
  overslaan (up-to-date): lukas 23 v
  overslaan (up-to-date): lukas 24 v
  overslaan (up-to-date): johannes 1 v
  overslaan (up-to-date): johannes 2 v
  overslaan (up-to-date): johannes 3 v
  overslaan (up-to-date): johannes 4 v
  overslaan (up-to-date): johannes 5 v
  overslaan (up-to-date): johannes 6 v
  overslaan (up-to-date): johannes 7 v
  overslaan (up-to-date): johannes 8 v
  overslaan (up-to-date): johannes 9 v
  overslaan (up-to-date): johannes 10 v
  overslaan (up-to-date): johannes 11 v
  overslaan (up-to-date): johannes 12 v
  overslaan (up-to-date): johannes 13 v
  overslaan (up-to-date): johannes 14 v
  overslaan (up-to-date): johannes 15 v
  overslaan (up-to-date): johannes 16 v
  overslaan (up-to-date): johannes 17 v
  overslaan (up-to-date): johannes 18 v
  overslaan (up-to-date): johannes 19 v
  overslaan (up-to-date): johannes 20 v
  overslaan (up-to-date): johannes 21 v
  overslaan (up-to-date): handelingen 1 v
  overslaan (up-to-date): handelingen 2 v
  overslaan (up-to-date): handelingen 3 v

=== handelingen 4 stem v (37 verzen) ===
  intro (2.45s)
  h1 kopje (1.93s)
  v1 (7.57s)
  v2 (6.33s)
  v3 (5.85s)
  v4 (7.01s)
  v5 (6.37s)
  v6 (8.69s)
  v7 (6.69s)
  v8 (7.49s)
  v9 (6.89s)
  v10 (14.25s)
  v11 (6.29s)
  v12 (9.13s)
  v13 (11.97s)
  v14 (5.25s)
  v15 (4.13s)
  v16 (10.13s)
  v17 (8.77s)
  v18 (7.25s)
  v19 (8.57s)
  v20 (3.85s)
  v21 (10.09s)
  v22 (4.97s)
  h23 kopje (1.37s)
  v23 (7.45s)
  v24 (12.05s)
  v25 (7.53s)
  v26 (7.13s)
  v27 (10.33s)
  v28 (5.05s)
  v29 (6.97s)
  v30 (9.21s)
  v31 (10.29s)
  h32 kopje (1.61s)
  v32 (12.41s)
  v33 (6.97s)
  v34 (12.49s)
  v35 (3.29s)
  v36 (9.45s)
  v37 (6.01s)
  manifest.json (41 segmenten)

=== handelingen 5 stem v (42 verzen) ===
  intro (2.25s)
  h1 kopje (2.65s)
  v1 (5.73s)
  v2 (6.93s)
  v3 (9.33s)
  v4 (12.25s)
  v5 (8.01s)
  v6 (5.41s)
  v7 (5.37s)
  v8 (7.25s)
  v9 (12.77s)
  v10 (9.73s)
  v11 (4.61s)
  h12 kopje (2.05s)
  v12 (8.45s)
  v13 (5.41s)
  v14 (6.01s)
  v15 (10.09s)
  v16 (8.49s)
  h17 kopje (2.33s)
  v17 (7.53s)
  v18 (4.85s)
  v19 (5.29s)
  v20 (4.73s)
  v21 (16.25s)
  v22 (6.33s)
  v23 (9.89s)
  v24 (8.53s)
  v25 (8.49s)
  v26 (8.25s)
  h27 kopje (1.57s)
  v27 (5.73s)
  v28 (10.73s)
  v29 (6.53s)
  v30 (6.13s)
  v31 (8.05s)
  v32 (8.13s)
  v33 (4.93s)
  v34 (11.37s)
  v35 (6.09s)
  v36 (12.77s)
  v37 (11.97s)
  v38 (8.37s)
  v39 (6.45s)
  v40 (10.33s)
  v41 (7.89s)
  v42 (7.29s)
  manifest.json (47 segmenten)

=== handelingen 6 stem v (15 verzen) ===
  intro (3.97s)
  h1 kopje (1.69s)
  v1 (10.09s)
  v2 (8.21s)
  v3 (9.93s)
  v4 (4.17s)
  v5 (16.73s)
  v6 (5.61s)
  v7 (9.45s)
  h8 kopje (1.69s)
  v8 (5.85s)
  v9 (12.81s)
  v10 (4.21s)
  v11 (6.25s)
  v12 (7.81s)
  v13 (8.21s)
  v14 (10.25s)
  v15 (6.41s)
  manifest.json (18 segmenten)

=== handelingen 7 stem v (60 verzen) ===
  intro (2.17s)
  h1 kopje (2.65s)
  v1 (2.93s)
  v2 (10.49s)
  v3 (5.85s)
  v4 (9.97s)
  v5 (11.33s)
  v6 (8.97s)
  v7 (8.21s)
  v8 (10.29s)
  v9 (6.97s)
  v10 (11.13s)
  v11 (7.57s)
  v12 (5.61s)
  v13 (6.09s)
  v14 (6.97s)
  v15 (4.73s)
  v16 (9.05s)
  v17 (7.33s)
  v18 (3.65s)
  v19 (9.09s)
  v20 (6.61s)
  v21 (6.41s)
  v22 (6.01s)
  v23 (7.21s)
  v24 (7.97s)
  v25 (7.37s)
  v26 (10.25s)
  v27 (7.25s)
  v28 (3.81s)
  v29 (5.89s)
  v30 (8.69s)
  v31 (9.45s)
  v32 (10.41s)
  v33 (6.05s)
  v34 (12.53s)
  v35 (14.05s)
  v36 (8.45s)
  v37 (9.97s)
  v38 (11.09s)
  v39 (5.89s)
  v40 (10.77s)
  v41 (6.81s)
  v42 (14.77s)
  v43 (13.21s)
  v44 (10.81s)
  v45 (11.33s)
  v46 (5.25s)
  v47 (1.93s)
  v48 (4.81s)
  v49 (9.21s)
  v50 (2.53s)
  h51 kopje (1.97s)
  v51 (8.13s)
  v52 (11.37s)
  v53 (5.01s)
  v54 (4.73s)
  v55 (9.81s)
  v56 (6.89s)
  v57 (5.21s)
  v58 (8.85s)
  v59 (7.01s)
  v60 (9.17s)
  manifest.json (63 segmenten)

=== handelingen 8 stem v (40 verzen) ===
  intro (2.29s)
  h1 kopje (2.01s)
  v1 (13.33s)
  v2 (5.57s)
  v3 (7.29s)
  v4 (4.73s)
  h5 kopje (1.93s)
  v5 (4.45s)
  v6 (6.45s)
  v7 (8.25s)
  v8 (2.01s)
  v9 (10.01s)
  v10 (6.09s)
  v11 (4.61s)
  v12 (10.53s)
  v13 (10.01s)
  h14 kopje (2.49s)
  v14 (8.49s)
  v15 (5.17s)
  v16 (5.93s)
  v17 (3.69s)
  v18 (7.93s)
  v19 (6.73s)
  v20 (8.05s)
  v21 (4.89s)
  v22 (7.05s)
  v23 (5.13s)
  v24 (6.89s)
  v25 (10.37s)
  h26 kopje (2.09s)
  v26 (9.53s)
  v27 (13.25s)
  v28 (6.65s)
  v29 (4.33s)
  v30 (6.69s)
  v31 (8.57s)
  v32 (12.09s)
  v33 (7.09s)
  v34 (7.17s)
  v35 (5.65s)
  v36 (7.37s)
  v37 (11.01s)
  v38 (7.89s)
  v39 (8.73s)
  v40 (8.73s)
  manifest.json (45 segmenten)

=== handelingen 9 stem v (43 verzen) ===
  intro (2.69s)
  h1 kopje (1.97s)
  v1 (5.85s)
  v2 (12.21s)
  v3 (6.85s)
  v4 (6.49s)
  v5 (9.77s)
  v6 (12.01s)
  v7 (6.57s)
  v8 (10.49s)
  v9 (4.05s)
  h10 kopje (2.41s)
  v10 (9.77s)
  v11 (10.97s)
  v12 (8.05s)
  v13 (7.77s)
  v14 (5.01s)
  v15 (10.17s)
  v16 (4.09s)
  v17 (16.45s)
  v18 (6.97s)
  h19 kopje (2.09s)
  v19 (7.25s)
  v20 (4.45s)
  v21 (12.17s)
  v22 (8.93s)
  v23 (5.45s)
  v24 (8.69s)
  v25 (5.97s)
  h26 kopje (1.41s)
  v26 (9.53s)
  v27 (14.89s)
  v28 (4.61s)
  v29 (8.37s)
  v30 (5.13s)
  v31 (13.41s)
  h32 kopje (1.97s)
  v32 (4.73s)
  v33 (6.41s)
  v34 (9.13s)
  v35 (4.93s)
  h36 kopje (2.33s)
  v36 (9.81s)
  v37 (5.93s)
  v38 (10.45s)
  v39 (13.53s)
  v40 (14.05s)
  v41 (7.09s)
  v42 (4.09s)
  v43 (4.41s)
  manifest.json (50 segmenten)

=== handelingen 10 stem v (48 verzen) ===
  intro (1.97s)
  h1 kopje (1.69s)
  v1 (7.61s)
  v2 (7.81s)
  v3 (8.37s)
  v4 (11.33s)
  v5 (5.57s)
  v6 (7.45s)
  v7 (9.41s)
  v8 (3.21s)
  h9 kopje (1.77s)
  v9 (7.97s)
  v10 (6.29s)
  v11 (9.69s)
  v12 (7.73s)
  v13 (4.25s)
  v14 (6.97s)
  v15 (7.25s)
  v16 (4.73s)
  h17 kopje (1.93s)
  v17 (12.69s)
  v18 (5.49s)
  v19 (5.61s)
  v20 (6.57s)
  v21 (11.25s)
  v22 (18.93s)
  v23 (10.05s)
  v24 (8.33s)
  v25 (5.93s)
  v26 (4.77s)
  v27 (4.77s)
  v28 (12.53s)
  v29 (7.41s)
  v30 (7.09s)
  v31 (9.93s)
  v32 (11.97s)
  v33 (10.69s)
  h34 kopje (2.41s)
  v34 (6.93s)
  v35 (4.53s)
  v36 (8.13s)
  v37 (6.41s)
  v38 (13.89s)
  v39 (9.29s)
  v40 (5.77s)
  v41 (10.89s)
  v42 (8.21s)
  v43 (8.13s)
  h44 kopje (1.73s)
  v44 (5.01s)
  v45 (10.57s)
  v46 (6.05s)
  v47 (6.33s)
  v48 (8.37s)
  manifest.json (54 segmenten)

=== handelingen 11 stem v (30 verzen) ===
  intro (2.41s)
  h1 kopje (2.37s)
  v1 (8.01s)
  v2 (5.97s)
  v3 (5.45s)
  v4 (4.13s)
  v5 (13.45s)
  v6 (9.73s)
  v7 (5.13s)
  v8 (7.05s)
  v9 (6.81s)
  v10 (4.65s)
  v11 (7.37s)
  v12 (9.89s)
  v13 (10.13s)
  v14 (5.13s)
  v15 (5.29s)
  v16 (7.97s)
  v17 (8.41s)
  v18 (8.33s)
  h19 kopje (1.89s)
  v19 (13.49s)
  v20 (8.65s)
  v21 (5.37s)
  v22 (8.93s)
  v23 (9.69s)
  v24 (7.53s)
  v25 (6.57s)
  v26 (9.69s)
  h27 kopje (1.45s)
  v27 (4.53s)
  v28 (12.17s)
  v29 (7.97s)
  v30 (5.81s)
  manifest.json (34 segmenten)

=== handelingen 12 stem v (25 verzen) ===
  intro (2.57s)
  h1 kopje (2.53s)
  v1 (6.37s)
  v2 (3.81s)
  v3 (8.53s)
  v4 (11.25s)
  v5 (6.09s)
  h6 kopje (1.89s)
  v6 (10.65s)
  v7 (12.21s)
  v8 (8.97s)
  v9 (8.21s)
  v10 (13.41s)
  v11 (11.57s)
  v12 (9.41s)
  v13 (6.89s)
  v14 (9.25s)
  v15 (7.37s)
  v16 (6.41s)
  v17 (14.41s)
  h18 kopje (1.81s)
  v18 (6.45s)
  v19 (12.29s)
  v20 (14.81s)
  v21 (8.09s)
  v22 (4.25s)
  v23 (7.93s)
  v24 (2.93s)
  v25 (9.77s)
  manifest.json (29 segmenten)

=== handelingen 13 stem v (52 verzen) ===
  intro (2.53s)
  h1 kopje (1.93s)
  v1 (15.45s)
  v2 (8.97s)
  v3 (5.25s)
  h4 kopje (2.41s)
  v4 (8.09s)
  v5 (8.25s)
  v6 (9.29s)
  v7 (9.85s)
  v8 (8.17s)
  v9 (7.37s)
  v10 (11.01s)
  v11 (12.97s)
  v12 (6.09s)
  h13 kopje (2.73s)
  v13 (11.29s)
  v14 (9.97s)
  v15 (11.49s)
  v16 (7.45s)
  v17 (10.57s)
  v18 (4.65s)
  v19 (6.73s)
  v20 (5.89s)
  v21 (7.93s)
  v22 (12.29s)
  v23 (5.61s)
  v24 (5.61s)
  v25 (11.09s)
  v26 (8.37s)
  v27 (10.85s)
  v28 (5.41s)
  v29 (7.21s)
  v30 (2.33s)
  v31 (8.53s)
  v32 (9.21s)
  v33 (5.73s)
  v34 (10.05s)
  v35 (5.61s)
  v36 (8.33s)
  v37 (3.89s)
  v38 (5.37s)
  v39 (8.49s)
  v40 (4.41s)
  v41 (10.09s)
  h42 kopje (2.29s)
  v42 (8.01s)
  v43 (11.85s)
  v44 (5.01s)
  v45 (9.37s)
  v46 (16.49s)
  v47 (9.77s)
  v48 (9.09s)
  v49 (3.17s)
  v50 (9.85s)
  v51 (3.85s)
  v52 (3.85s)
  manifest.json (57 segmenten)

=== handelingen 14 stem v (28 verzen) ===
  intro (3.61s)
  h1 kopje (2.97s)
  v1 (9.41s)
  v2 (5.93s)
  v3 (11.33s)
  v4 (5.69s)
  v5 (7.97s)
  v6 (8.93s)
  v7 (2.09s)
  h8 kopje (2.01s)
  v8 (6.85s)
  v9 (6.25s)
  v10 (4.57s)
  v11 (10.61s)
  v12 (5.01s)
  v13 (8.01s)
  v14 (7.77s)
  v15 (16.53s)
  v16 (3.53s)
  v17 (11.05s)
  v18 (5.09s)
  h19 kopje (2.65s)
  v19 (10.13s)
  v20 (7.37s)
  v21 (5.89s)
  v22 (9.57s)
  v23 (10.25s)
  v24 (4.05s)
  v25 (3.97s)
  v26 (7.41s)
  v27 (10.09s)
  v28 (3.17s)
  manifest.json (32 segmenten)

=== handelingen 15 stem v (41 verzen) ===
  intro (2.65s)
  h1 kopje (1.93s)
  v1 (9.93s)
  v2 (14.73s)
  v3 (9.93s)
  v4 (10.29s)
  v5 (12.09s)
  h6 kopje (2.21s)
  v6 (4.65s)
  v7 (15.45s)
  v8 (7.53s)
  v9 (6.53s)
  v10 (8.05s)
  v11 (6.81s)
  v12 (8.73s)
  v13 (4.49s)
  v14 (6.77s)
  v15 (4.61s)
  v16 (10.57s)
  v17 (8.69s)
  v18 (3.57s)
  v19 (5.25s)
  v20 (8.73s)
  v21 (7.01s)
  h22 kopje (1.41s)
  v22 (17.53s)
  v23 (12.49s)
  v24 (13.93s)
  v25 (9.49s)
  v26 (5.45s)
  v27 (4.49s)
  v28 (6.49s)
  v29 (12.25s)
  v30 (7.77s)
  v31 (4.21s)
  v32 (7.37s)
  v33 (6.13s)
  v34 (2.21s)
  v35 (7.97s)
  h36 kopje (2.05s)
  v36 (10.53s)
  v37 (5.33s)
  v38 (9.49s)
  v39 (7.73s)
  v40 (4.93s)
  v41 (4.45s)
  manifest.json (46 segmenten)

=== handelingen 16 stem v (40 verzen) ===
  intro (2.65s)
  h1 kopje (2.53s)
  v1 (9.37s)
  v2 (4.17s)
  v3 (10.81s)
  v4 (8.89s)
  v5 (5.17s)
  h6 kopje (1.81s)
  v6 (8.09s)
  v7 (5.81s)
  v8 (4.37s)
  v9 (9.33s)
  v10 (10.65s)
  h11 kopje (2.89s)
  v11 (8.29s)
  v12 (8.49s)
  v13 (10.41s)
  v14 (13.33s)
  v15 (10.93s)
  h16 kopje (2.09s)
  v16 (8.69s)
  v17 (9.17s)
  v18 (14.01s)
  v19 (8.17s)
  v20 (7.29s)
  v21 (6.01s)
  v22 (7.49s)
  v23 (8.69s)
  v24 (6.77s)
  h25 kopje (1.85s)
  v25 (7.25s)
  v26 (9.81s)
  v27 (11.01s)
  v28 (5.73s)
  v29 (6.85s)
  v30 (5.29s)
  v31 (6.33s)
  v32 (4.57s)
  v33 (6.85s)
  v34 (7.61s)
  h35 kopje (1.77s)
  v35 (5.73s)
  v36 (9.85s)
  v37 (14.73s)
  v38 (6.89s)
  v39 (7.17s)
  v40 (9.01s)
  manifest.json (47 segmenten)

=== handelingen 17 stem v (34 verzen) ===
  intro (2.77s)
  h1 kopje (3.85s)
  v1 (7.41s)
  v2 (6.25s)
  v3 (9.73s)
  v4 (9.05s)
  v5 (15.17s)
  v6 (10.65s)
  v7 (9.89s)
  v8 (4.73s)
  v9 (4.61s)
  h10 kopje (1.61s)
  v10 (8.37s)
  v11 (9.77s)
  v12 (5.45s)
  v13 (8.61s)
  v14 (6.61s)
  v15 (9.77s)
  h16 kopje (2.45s)
  v16 (7.65s)
  v17 (9.05s)
  v18 (14.77s)
  v19 (9.77s)
  v20 (5.61s)
  v21 (8.29s)
  v22 (10.33s)
  v23 (12.01s)
  v24 (10.13s)
  v25 (7.93s)
  v26 (10.05s)
  v27 (7.05s)
  v28 (8.65s)
  v29 (10.65s)
  v30 (7.21s)
  v31 (12.25s)
  v32 (7.89s)
  v33 (2.65s)
  v34 (10.13s)
  manifest.json (38 segmenten)

=== handelingen 18 stem v (28 verzen) ===
  intro (2.65s)
  h1 kopje (1.25s)
  v1 (3.13s)
  v2 (13.37s)
  v3 (6.61s)
  v4 (5.25s)
  v5 (8.89s)
  v6 (10.61s)
  v7 (7.89s)
  v8 (10.41s)
  v9 (7.37s)
  v10 (6.73s)
  v11 (4.45s)
  h12 kopje (3.21s)
  v12 (7.09s)
  v13 (4.77s)
  v14 (10.17s)
  v15 (9.49s)
  v16 (2.01s)
  v17 (8.69s)
  h18 kopje (2.57s)
  v18 (13.41s)
  v19 (6.09s)
  v20 (4.29s)
  v21 (10.57s)
  v22 (7.09s)
  v23 (7.93s)
  v24 (8.57s)
  v25 (10.09s)
  v26 (9.97s)
  v27 (13.41s)
  v28 (7.37s)
  manifest.json (32 segmenten)

=== handelingen 19 stem v (41 verzen) ===
  intro (2.25s)
  h1 kopje (2.09s)
  v1 (6.97s)
  v2 (9.17s)
  v3 (5.45s)
  v4 (10.89s)
  v5 (3.41s)
  v6 (7.69s)
  v7 (2.21s)
  h8 kopje (2.57s)
  v8 (8.93s)
  v9 (13.25s)
  v10 (7.77s)
  v11 (3.65s)
  v12 (9.01s)
  h13 kopje (1.53s)
  v13 (12.77s)
  v14 (5.45s)
  v15 (6.65s)
  v16 (10.49s)
  v17 (10.09s)
  v18 (5.21s)
  v19 (11.29s)
  v20 (3.81s)
  h21 kopje (2.21s)
  v21 (11.89s)
  v22 (9.05s)
  v23 (5.25s)
  v24 (9.45s)
  v25 (8.77s)
  v26 (13.21s)
  v27 (14.17s)
  v28 (7.25s)
  v29 (11.85s)
  v30 (4.01s)
  v31 (9.01s)
  v32 (8.81s)
  v33 (10.17s)
  v34 (8.85s)
  v35 (14.13s)
  v36 (6.09s)
  v37 (5.85s)
  v38 (9.73s)
  v39 (4.61s)
  v40 (9.73s)
  v41 (2.97s)
  manifest.json (46 segmenten)

=== handelingen 20 stem v (38 verzen) ===
  intro (2.85s)
  h1 kopje (2.41s)
  v1 (8.37s)
  v2 (5.69s)
  v3 (9.85s)
  v4 (15.17s)
  v5 (3.85s)
  v6 (8.37s)
  h7 kopje (2.37s)
  v7 (11.53s)
  v8 (3.45s)
  v9 (13.61s)
  v10 (8.53s)
  v11 (9.05s)
  v12 (3.53s)
  h13 kopje (1.69s)
  v13 (9.77s)
  v14 (5.05s)
  v15 (11.29s)
  v16 (11.25s)
  h17 kopje (2.61s)
  v17 (4.81s)
  v18 (9.29s)
  v19 (8.29s)
  v20 (7.33s)
  v21 (6.65s)
  v22 (6.77s)
  v23 (6.21s)
  v24 (13.37s)
  v25 (7.85s)
  v26 (5.01s)
  v27 (4.85s)
  v28 (10.77s)
  v29 (5.49s)
  v30 (6.45s)
  v31 (6.89s)
  v32 (9.53s)
  v33 (3.41s)
  v34 (5.93s)
  v35 (11.89s)
  v36 (4.17s)
  v37 (5.89s)
  v38 (8.45s)
  manifest.json (43 segmenten)

=== handelingen 21 stem v (40 verzen) ===
  intro (2.53s)
  h1 kopje (3.21s)
  v1 (8.69s)
  v2 (5.17s)
  v3 (9.89s)
  v4 (7.41s)
  v5 (12.25s)
  v6 (6.29s)
  v7 (8.21s)
  v8 (12.89s)
  v9 (3.69s)
  v10 (6.45s)
  v11 (14.41s)
  v12 (6.13s)
  v13 (11.53s)
  v14 (6.17s)
  v15 (4.05s)
  v16 (10.21s)
  h17 kopje (2.81s)
  v17 (4.25s)
  v18 (5.69s)
  v19 (6.33s)
  v20 (12.05s)
  v21 (11.77s)
  v22 (7.05s)
  v23 (4.29s)
  v24 (17.01s)
  v25 (13.89s)
  v26 (14.09s)
  h27 kopje (1.81s)
  v27 (8.53s)
  v28 (16.21s)
  v29 (7.97s)
  v30 (9.09s)
  v31 (6.57s)
  v32 (10.13s)
  v33 (9.01s)
  v34 (10.33s)
  v35 (6.85s)
  v36 (3.97s)
  h37 kopje (2.13s)
  v37 (8.77s)
  v38 (6.77s)
  v39 (9.53s)
  v40 (10.81s)
  manifest.json (45 segmenten)

=== handelingen 22 stem v (30 verzen) ===
  intro (2.97s)
  h1 kopje (1.73s)
  v1 (4.41s)
  v2 (6.37s)
  v3 (14.17s)
  v4 (6.61s)
  v5 (15.25s)
  v6 (8.53s)
  v7 (6.29s)
  v8 (7.73s)
  v9 (8.05s)
  v10 (10.21s)
  v11 (7.77s)
  v12 (7.09s)
  v13 (7.49s)
  v14 (9.25s)
  v15 (5.13s)
  v16 (7.17s)
  v17 (6.61s)
  v18 (8.61s)
  v19 (6.89s)
  v20 (11.21s)
  v21 (4.13s)
  h22 kopje (2.13s)
  v22 (8.29s)
  v23 (4.37s)
  v24 (10.57s)
  v25 (10.53s)
  v26 (9.09s)
  v27 (5.81s)
  v28 (8.33s)
  v29 (9.85s)
  v30 (14.73s)
  manifest.json (33 segmenten)

=== handelingen 23 stem v (35 verzen) ===
  intro (3.29s)
  h1 kopje (1.37s)
  v1 (7.89s)
  v2 (5.37s)
  v3 (10.05s)
  v4 (3.77s)
  v5 (8.09s)
  v6 (13.89s)
  v7 (7.73s)
  v8 (7.37s)
  v9 (14.45s)
  v10 (13.13s)
  v11 (10.73s)
  h12 kopje (1.77s)
  v12 (10.65s)
  v13 (3.77s)
  v14 (9.41s)
  v15 (11.45s)
  v16 (7.45s)
  v17 (8.69s)
  v18 (11.21s)
  v19 (6.89s)
  v20 (9.25s)
  v21 (14.57s)
  v22 (6.97s)
  h23 kopje (2.45s)
  v23 (12.13s)
  v24 (6.65s)
  v25 (2.57s)
  v26 (5.13s)
  v27 (11.89s)
  v28 (5.09s)
  v29 (7.81s)
  v30 (12.81s)
  v31 (7.57s)
  v32 (5.21s)
  v33 (7.29s)
  v34 (8.09s)
  v35 (8.21s)
  manifest.json (39 segmenten)

=== handelingen 24 stem v (27 verzen) ===
  intro (2.69s)
  h1 kopje (1.81s)
  v1 (9.49s)
  v2 (4.21s)
  v3 (11.41s)
  v4 (5.69s)
  v5 (10.29s)
  v6 (6.53s)
  v7 (6.49s)
  v8 (9.09s)
  v9 (3.77s)
  h10 kopje (2.13s)
  v10 (12.09s)
  v11 (7.05s)
  v12 (9.57s)
  v13 (3.05s)
  v14 (10.69s)
  v15 (9.85s)
  v16 (5.53s)
  v17 (4.81s)
  v18 (7.69s)
  v19 (5.21s)
  v20 (5.53s)
  v21 (6.93s)
  v22 (13.29s)
  v23 (9.89s)
  h24 kopje (1.57s)
  v24 (10.29s)
  v25 (14.85s)
  v26 (8.73s)
  v27 (9.97s)
  manifest.json (31 segmenten)

=== handelingen 25 stem v (27 verzen) ===
  intro (2.77s)
  h1 kopje (1.61s)
  v1 (6.17s)
  v2 (5.97s)
  v3 (8.09s)
  v4 (6.61s)
  v5 (8.01s)
  v6 (11.21s)
  v7 (11.13s)
  v8 (8.29s)
  v9 (9.41s)
  v10 (8.81s)
  v11 (13.05s)
Traceback (most recent call last):
  File "/home/maarten/Documents/GitHub/website-open-bijbelvertaling/.venv-higgs-v3/lib/python3.12/site-packages/urllib3/connectionpool.py", line 534, in _make_request
    response = conn.getresponse()
               ^^^^^^^^^^^^^^^^^^
  File "/home/maarten/Documents/GitHub/website-open-bijbelvertaling/.venv-higgs-v3/lib/python3.12/site-packages/urllib3/connection.py", line 571, in getresponse
    httplib_response = super().getresponse()
                       ^^^^^^^^^^^^^^^^^^^^^
  File "/usr/lib/python3.12/http/client.py", line 1457, in getresponse
    response.begin()
  File "/usr/lib/python3.12/http/client.py", line 336, in begin
    version, status, reason = self._read_status()
                              ^^^^^^^^^^^^^^^^^^^
  File "/usr/lib/python3.12/http/client.py", line 297, in _read_status
    line = str(self.fp.readline(_MAXLINE + 1), "iso-8859-1")
               ^^^^^^^^^^^^^^^^^^^^^^^^^^^^^^
  File "/usr/lib/python3.12/socket.py", line 707, in readinto
    return self._sock.recv_into(b)
           ^^^^^^^^^^^^^^^^^^^^^^^
TimeoutError: timed out

The above exception was the direct cause of the following exception:

Traceback (most recent call last):
  File "/home/maarten/Documents/GitHub/website-open-bijbelvertaling/.venv-higgs-v3/lib/python3.12/site-packages/requests/adapters.py", line 696, in send
    resp = conn.urlopen(
           ^^^^^^^^^^^^^
  File "/home/maarten/Documents/GitHub/website-open-bijbelvertaling/.venv-higgs-v3/lib/python3.12/site-packages/urllib3/connectionpool.py", line 842, in urlopen
    retries = retries.increment(
              ^^^^^^^^^^^^^^^^^^
  File "/home/maarten/Documents/GitHub/website-open-bijbelvertaling/.venv-higgs-v3/lib/python3.12/site-packages/urllib3/util/retry.py", line 498, in increment
    raise reraise(type(error), error, _stacktrace)
          ^^^^^^^^^^^^^^^^^^^^^^^^^^^^^^^^^^^^^^^^
  File "/home/maarten/Documents/GitHub/website-open-bijbelvertaling/.venv-higgs-v3/lib/python3.12/site-packages/urllib3/util/util.py", line 39, in reraise
    raise value
  File "/home/maarten/Documents/GitHub/website-open-bijbelvertaling/.venv-higgs-v3/lib/python3.12/site-packages/urllib3/connectionpool.py", line 788, in urlopen
    response = self._make_request(
               ^^^^^^^^^^^^^^^^^^^
  File "/home/maarten/Documents/GitHub/website-open-bijbelvertaling/.venv-higgs-v3/lib/python3.12/site-packages/urllib3/connectionpool.py", line 536, in _make_request
    self._raise_timeout(err=e, url=url, timeout_value=read_timeout)
  File "/home/maarten/Documents/GitHub/website-open-bijbelvertaling/.venv-higgs-v3/lib/python3.12/site-packages/urllib3/connectionpool.py", line 367, in _raise_timeout
    raise ReadTimeoutError(
urllib3.exceptions.ReadTimeoutError: HTTPConnectionPool(host='127.0.0.1', port=8765): Read timed out. (read timeout=120)

During handling of the above exception, another exception occurred:

Traceback (most recent call last):
  File "<frozen runpy>", line 198, in _run_module_as_main
  File "<frozen runpy>", line 88, in _run_code
  File "/home/maarten/Documents/GitHub/website-open-bijbelvertaling/scripts/tts/generate_chunks.py", line 256, in <module>
    main()
  File "/home/maarten/Documents/GitHub/website-open-bijbelvertaling/scripts/tts/generate_chunks.py", line 244, in main
    generate_chapter(book, ch, args.voice, ref_audio, ref_text, args.force)
  File "/home/maarten/Documents/GitHub/website-open-bijbelvertaling/scripts/tts/generate_chunks.py", line 184, in generate_chapter
    d = synth(raw, outdir / f, ref_audio, ref_text)
        ^^^^^^^^^^^^^^^^^^^^^^^^^^^^^^^^^^^^^^^^^^^
  File "/home/maarten/Documents/GitHub/website-open-bijbelvertaling/scripts/tts/generate_chunks.py", line 115, in synth
    resp = requests.post(url, json=payload, headers={"Content-Type": "application/json"},
           ^^^^^^^^^^^^^^^^^^^^^^^^^^^^^^^^^^^^^^^^^^^^^^^^^^^^^^^^^^^^^^^^^^^^^^^^^^^^^^
  File "/home/maarten/Documents/GitHub/website-open-bijbelvertaling/.venv-higgs-v3/lib/python3.12/site-packages/requests/api.py", line 134, in post
    return request("post", url, data=data, json=json, **kwargs)
           ^^^^^^^^^^^^^^^^^^^^^^^^^^^^^^^^^^^^^^^^^^^^^^^^^^^^
  File "/home/maarten/Documents/GitHub/website-open-bijbelvertaling/.venv-higgs-v3/lib/python3.12/site-packages/requests/api.py", line 71, in request
    return session.request(method=method, url=url, **kwargs)
           ^^^^^^^^^^^^^^^^^^^^^^^^^^^^^^^^^^^^^^^^^^^^^^^^^
  File "/home/maarten/Documents/GitHub/website-open-bijbelvertaling/.venv-higgs-v3/lib/python3.12/site-packages/requests/sessions.py", line 651, in request
    resp = self.send(prep, **send_kwargs)
           ^^^^^^^^^^^^^^^^^^^^^^^^^^^^^^
  File "/home/maarten/Documents/GitHub/website-open-bijbelvertaling/.venv-higgs-v3/lib/python3.12/site-packages/requests/sessions.py", line 784, in send
    r = adapter.send(request, **kwargs)
        ^^^^^^^^^^^^^^^^^^^^^^^^^^^^^^^
  File "/home/maarten/Documents/GitHub/website-open-bijbelvertaling/.venv-higgs-v3/lib/python3.12/site-packages/requests/adapters.py", line 742, in send
    raise ReadTimeout(e, request=request)
requests.exceptions.ReadTimeout: HTTPConnectionPool(host='127.0.0.1', port=8765): Read timed out. (read timeout=120)
[sup] NT/v: 113/260 (02:15)
Server starten: /home/maarten/Documents/GitHub/website-open-bijbelvertaling/.venv-higgs-v3/bin/sgl-omni serve --model-path bosonai/higgs-audio-v3-tts-4b --port 8765 --host 127.0.0.1 --model-name higgs-audio-v3-tts
Wachten op server (max 360s)...
[server] WARNING:sglang_omni.models.higgs_tts._vendored.higgs_audio_v2_tokenizer_hf:Could not determine semantic model type from config architecture. Defaulting to `HubertConfig`.
[server] WARNING:sglang.srt.models.registry:Ignore import error when loading sglang.srt.models.glmasr: cannot import name 'GlmAsrConfig' from 'transformers' (/home/maarten/Documents/GitHub/website-open-bijbelvertaling/.venv-higgs-v3/lib/python3.12/site-packages/transformers/__init__.py)
[server] [Gloo] Rank 0 is connected to 0 peer ranks. Expected number of connected peer ranks is : 0
[server] [Gloo] Rank 0 is connected to 0 peer ranks. Expected number of connected peer ranks is : 0
[server] [Gloo] Rank 0 is connected to 0 peer ranks. Expected number of connected peer ranks is : 0
[server] [Gloo] Rank 0 is connected to 0 peer ranks. Expected number of connected peer ranks is : 0
Server luistert op poort.
  overslaan (up-to-date): mattheus 1 v
  overslaan (up-to-date): mattheus 2 v
  overslaan (up-to-date): mattheus 3 v
  overslaan (up-to-date): mattheus 4 v
  overslaan (up-to-date): mattheus 5 v
  overslaan (up-to-date): mattheus 6 v
  overslaan (up-to-date): mattheus 7 v
  overslaan (up-to-date): mattheus 8 v
  overslaan (up-to-date): mattheus 9 v
  overslaan (up-to-date): mattheus 10 v
  overslaan (up-to-date): mattheus 11 v
  overslaan (up-to-date): mattheus 12 v
  overslaan (up-to-date): mattheus 13 v
  overslaan (up-to-date): mattheus 14 v
  overslaan (up-to-date): mattheus 15 v
  overslaan (up-to-date): mattheus 16 v
  overslaan (up-to-date): mattheus 17 v
  overslaan (up-to-date): mattheus 18 v
  overslaan (up-to-date): mattheus 19 v
  overslaan (up-to-date): mattheus 20 v
  overslaan (up-to-date): mattheus 21 v
  overslaan (up-to-date): mattheus 22 v
  overslaan (up-to-date): mattheus 23 v
  overslaan (up-to-date): mattheus 24 v
  overslaan (up-to-date): mattheus 25 v
  overslaan (up-to-date): mattheus 26 v
  overslaan (up-to-date): mattheus 27 v
  overslaan (up-to-date): mattheus 28 v
  overslaan (up-to-date): markus 1 v
  overslaan (up-to-date): markus 2 v
  overslaan (up-to-date): markus 3 v
  overslaan (up-to-date): markus 4 v
  overslaan (up-to-date): markus 5 v
  overslaan (up-to-date): markus 6 v
  overslaan (up-to-date): markus 7 v
  overslaan (up-to-date): markus 8 v
  overslaan (up-to-date): markus 9 v
  overslaan (up-to-date): markus 10 v
  overslaan (up-to-date): markus 11 v
  overslaan (up-to-date): markus 12 v
  overslaan (up-to-date): markus 13 v
  overslaan (up-to-date): markus 14 v
  overslaan (up-to-date): markus 15 v
  overslaan (up-to-date): markus 16 v
  overslaan (up-to-date): lukas 1 v
  overslaan (up-to-date): lukas 2 v
  overslaan (up-to-date): lukas 3 v
  overslaan (up-to-date): lukas 4 v
  overslaan (up-to-date): lukas 5 v
  overslaan (up-to-date): lukas 6 v
  overslaan (up-to-date): lukas 7 v
  overslaan (up-to-date): lukas 8 v
  overslaan (up-to-date): lukas 9 v
  overslaan (up-to-date): lukas 10 v
  overslaan (up-to-date): lukas 11 v
  overslaan (up-to-date): lukas 12 v
  overslaan (up-to-date): lukas 13 v
  overslaan (up-to-date): lukas 14 v
  overslaan (up-to-date): lukas 15 v
  overslaan (up-to-date): lukas 16 v
  overslaan (up-to-date): lukas 17 v
  overslaan (up-to-date): lukas 18 v
  overslaan (up-to-date): lukas 19 v
  overslaan (up-to-date): lukas 20 v
  overslaan (up-to-date): lukas 21 v
  overslaan (up-to-date): lukas 22 v
  overslaan (up-to-date): lukas 23 v
  overslaan (up-to-date): lukas 24 v
  overslaan (up-to-date): johannes 1 v
  overslaan (up-to-date): johannes 2 v
  overslaan (up-to-date): johannes 3 v
  overslaan (up-to-date): johannes 4 v
  overslaan (up-to-date): johannes 5 v
  overslaan (up-to-date): johannes 6 v
  overslaan (up-to-date): johannes 7 v
  overslaan (up-to-date): johannes 8 v
  overslaan (up-to-date): johannes 9 v
  overslaan (up-to-date): johannes 10 v
  overslaan (up-to-date): johannes 11 v
  overslaan (up-to-date): johannes 12 v
  overslaan (up-to-date): johannes 13 v
  overslaan (up-to-date): johannes 14 v
  overslaan (up-to-date): johannes 15 v
  overslaan (up-to-date): johannes 16 v
  overslaan (up-to-date): johannes 17 v
  overslaan (up-to-date): johannes 18 v
  overslaan (up-to-date): johannes 19 v
  overslaan (up-to-date): johannes 20 v
  overslaan (up-to-date): johannes 21 v
  overslaan (up-to-date): handelingen 1 v
  overslaan (up-to-date): handelingen 2 v
  overslaan (up-to-date): handelingen 3 v
  overslaan (up-to-date): handelingen 4 v
  overslaan (up-to-date): handelingen 5 v
  overslaan (up-to-date): handelingen 6 v
  overslaan (up-to-date): handelingen 7 v
  overslaan (up-to-date): handelingen 8 v
  overslaan (up-to-date): handelingen 9 v
  overslaan (up-to-date): handelingen 10 v
  overslaan (up-to-date): handelingen 11 v
  overslaan (up-to-date): handelingen 12 v
  overslaan (up-to-date): handelingen 13 v
  overslaan (up-to-date): handelingen 14 v
  overslaan (up-to-date): handelingen 15 v
  overslaan (up-to-date): handelingen 16 v
  overslaan (up-to-date): handelingen 17 v
  overslaan (up-to-date): handelingen 18 v
  overslaan (up-to-date): handelingen 19 v
  overslaan (up-to-date): handelingen 20 v
  overslaan (up-to-date): handelingen 21 v
  overslaan (up-to-date): handelingen 22 v
  overslaan (up-to-date): handelingen 23 v
  overslaan (up-to-date): handelingen 24 v

=== handelingen 25 stem v (27 verzen) ===
  intro (2.85s)
  h1 kopje (1.61s)
  v1 (5.93s)
  v2 (6.09s)
  v3 (8.49s)
  v4 (6.49s)
  v5 (8.01s)
  v6 (11.69s)
  v7 (11.09s)
  v8 (8.01s)
  v9 (9.49s)
  v10 (9.45s)
  v11 (13.13s)
  v12 (6.81s)
  h13 kopje (2.41s)
  v13 (7.21s)
  v14 (8.97s)
  v15 (7.45s)
  v16 (13.05s)
  v17 (9.97s)
  v18 (5.33s)
  v19 (7.81s)
  v20 (7.81s)
  v21 (10.13s)
  v22 (6.61s)
  v23 (14.57s)
  v24 (14.53s)
  v25 (8.45s)
  v26 (10.77s)
  v27 (6.93s)
  manifest.json (30 segmenten)

=== handelingen 26 stem v (32 verzen) ===
  intro (2.65s)
  h1 kopje (1.89s)
  v1 (7.61s)
  v2 (8.33s)
  v3 (9.49s)
  v4 (6.17s)
  v5 (9.57s)
  v6 (5.73s)
  v7 (10.01s)
  v8 (4.61s)
  v9 (6.45s)
  v10 (10.85s)
  v11 (10.09s)
  v12 (5.69s)
  v13 (10.05s)
  v14 (12.89s)
  v15 (5.89s)
  v16 (10.77s)
  v17 (4.77s)
  v18 (12.53s)
  v19 (5.17s)
  v20 (12.89s)
  v21 (4.53s)
  v22 (12.61s)
  v23 (9.41s)
  h24 kopje (1.65s)
  v24 (9.25s)
  v25 (7.09s)
  v26 (10.81s)
  v27 (5.01s)
  v28 (4.21s)
  v29 (11.33s)
  v30 (6.69s)
  v31 (7.81s)
  v32 (6.21s)
  manifest.json (35 segmenten)

=== handelingen 27 stem v (44 verzen) ===
  intro (2.97s)
  h1 kopje (2.29s)
  v1 (12.09s)
  v2 (11.21s)
  v3 (9.09s)
  v4 (5.33s)
  v5 (7.33s)
  v6 (7.33s)
  v7 (11.81s)
  v8 (7.85s)
  v9 (7.13s)
  v10 (9.73s)
  v11 (5.17s)
  v12 (14.73s)
  h13 kopje (1.37s)
  v13 (9.01s)
  v14 (6.53s)
  v15 (6.41s)
  v16 (5.57s)
  v17 (11.53s)
  v18 (4.81s)
  v19 (3.93s)
  v20 (8.49s)
  v21 (14.93s)
  v22 (6.89s)
  v23 (5.93s)
  v24 (8.97s)
  v25 (6.17s)
  v26 (2.41s)
  h27 kopje (2.41s)
  v27 (11.29s)
  v28 (10.17s)
  v29 (8.97s)
  v30 (8.61s)
  v31 (6.65s)
  v32 (3.69s)
  v33 (11.81s)
  v34 (6.49s)
  v35 (8.89s)
  v36 (4.25s)
  v37 (4.57s)
  v38 (5.37s)
  v39 (9.33s)
  v40 (10.25s)
  v41 (11.41s)
  v42 (7.33s)
  v43 (10.65s)
  v44 (8.45s)
  manifest.json (48 segmenten)

=== handelingen 28 stem v (31 verzen) ===
  intro (2.97s)
  h1 kopje (2.09s)
  v1 (4.61s)
  v2 (10.41s)
  v3 (7.17s)
  v4 (10.53s)
  v5 (3.53s)
  v6 (12.37s)
  v7 (9.69s)
  v8 (11.29s)
  v9 (6.05s)
  v10 (5.85s)
  h11 kopje (1.69s)
  v11 (7.73s)
  v12 (4.01s)
  v13 (8.45s)
  v14 (6.13s)
  v15 (10.77s)
  v16 (9.97s)
  h17 kopje (2.09s)
  v17 (16.81s)
  v18 (5.45s)
  v19 (8.49s)
  v20 (8.69s)
  v21 (10.57s)
  v22 (9.05s)
  v23 (15.69s)
  v24 (4.09s)
  v25 (11.73s)
  v26 (10.29s)
  v27 (16.17s)
  v28 (5.89s)
  v29 (5.01s)
  v30 (5.85s)
  v31 (7.33s)
  manifest.json (35 segmenten)

=== romeinen 1 stem v (32 verzen) ===
  intro (1.97s)
  h1 kopje (1.65s)
  v1 (6.69s)
  v2 (3.89s)
  v3 (4.41s)
  v4 (9.05s)
  v5 (8.33s)
  v6 (3.65s)
  v7 (10.69s)
  h8 kopje (1.65s)
  v8 (7.01s)
  v9 (7.41s)
  v10 (8.49s)
  v11 (7.49s)
  v12 (6.01s)
  v13 (12.89s)
  v14 (5.05s)
  v15 (6.53s)
  h16 kopje (1.53s)
  v16 (8.97s)
  v17 (9.93s)
  h18 kopje (3.21s)
  v18 (9.65s)
  v19 (5.61s)
  v20 (12.29s)
  v21 (9.73s)
  v22 (3.05s)
  v23 (11.25s)
  v24 (7.21s)
  v25 (9.33s)
  v26 (7.89s)
  v27 (14.25s)
  v28 (8.69s)
  v29 (12.09s)
  v30 (12.17s)
  v31 (6.97s)
  v32 (11.65s)
  manifest.json (37 segmenten)

=== romeinen 2 stem v (29 verzen) ===
  intro (2.45s)
  h1 kopje (2.29s)
  v1 (11.57s)
  v2 (5.65s)
  v3 (8.25s)
  v4 (9.61s)
  v5 (10.21s)
  v6 (2.29s)
  v7 (7.45s)
  v8 (9.05s)
  v9 (6.85s)
  v10 (7.05s)
  v11 (2.73s)
  v12 (10.13s)
  v13 (5.77s)
  v14 (9.29s)
  v15 (9.81s)
  v16 (5.97s)
  h17 kopje (2.29s)
  v17 (4.57s)
  v18 (5.65s)
  v19 (5.85s)
  v20 (7.69s)
  v21 (6.53s)
  v22 (7.73s)
  v23 (3.73s)
  v24 (5.13s)
  v25 (7.21s)
  v26 (6.25s)
  v27 (9.65s)
  v28 (6.77s)
  v29 (12.61s)
  manifest.json (32 segmenten)

=== romeinen 3 stem v (31 verzen) ===
  intro (2.01s)
  h1 kopje (1.41s)
  v1 (4.37s)
  v2 (5.85s)
  v3 (6.49s)
  v4 (11.21s)
  v5 (10.57s)
  v6 (3.21s)
  v7 (7.73s)
  v8 (11.65s)
  h9 kopje (1.37s)
  v9 (8.45s)
  v10 (4.17s)
  v11 (4.49s)
  v12 (7.45s)
  v13 (5.65s)
  v14 (2.89s)
  v15 (2.09s)
  v16 (2.45s)
  v17 (2.61s)
  v18 (2.21s)
  v19 (9.97s)
  v20 (7.17s)
  h21 kopje (1.77s)
  v21 (6.65s)
  v22 (9.01s)
  v23 (3.49s)
  v24 (6.09s)
  v25 (11.69s)
  v26 (9.77s)
  v27 (7.41s)
  v28 (5.33s)
  v29 (6.13s)
  v30 (7.29s)
  v31 (5.45s)
  manifest.json (35 segmenten)

=== romeinen 4 stem v (25 verzen) ===
  intro (2.61s)
  h1 kopje (2.21s)
  v1 (5.13s)
  v2 (4.81s)
  v3 (5.97s)
  v4 (5.01s)
  v5 (7.69s)
  v6 (5.41s)
  v7 (5.81s)
  v8 (3.57s)
  v9 (9.97s)
  v10 (7.89s)
  v11 (16.05s)
  v12 (11.09s)
  h13 kopje (1.69s)
  v13 (9.09s)
  v14 (7.81s)
  v15 (5.01s)
  v16 (12.65s)
  v17 (14.21s)
  v18 (8.09s)
  v19 (11.13s)
  v20 (8.45s)
  v21 (5.01s)
  v22 (2.73s)
  v23 (4.09s)
  v24 (9.33s)
  v25 (5.01s)
  manifest.json (28 segmenten)

=== romeinen 5 stem v (21 verzen) ===
  intro (2.41s)
  h1 kopje (1.25s)
  v1 (6.53s)
  v2 (8.17s)
  v3 (6.61s)
  v4 (2.65s)
  v5 (6.93s)
  v6 (5.69s)
  v7 (7.37s)
  v8 (6.81s)
  v9 (5.93s)
  v10 (10.45s)
  v11 (7.45s)
  h12 kopje (1.65s)
  v12 (10.21s)
  v13 (6.01s)
  v14 (11.77s)
  v15 (16.65s)
  v16 (12.21s)
  v17 (13.85s)
  v18 (11.41s)
  v19 (9.89s)
  v20 (9.45s)
  v21 (9.65s)
  manifest.json (24 segmenten)

=== romeinen 6 stem v (23 verzen) ===
  intro (2.37s)
  h1 kopje (2.49s)
  v1 (4.69s)
  v2 (5.33s)
  v3 (5.45s)
  v4 (10.77s)
  v5 (7.73s)
  v6 (8.49s)
  v7 (3.09s)
  v8 (5.05s)
  v9 (7.29s)
  v10 (6.65s)
  v11 (7.45s)
  v12 (5.77s)
  v13 (11.45s)
  v14 (4.85s)
  h15 kopje (1.73s)
  v15 (6.17s)
  v16 (11.53s)
  v17 (10.21s)
  v18 (4.73s)
  v19 (16.89s)
  v20 (4.41s)
  v21 (5.77s)
  v22 (9.53s)
  v23 (8.17s)
  manifest.json (26 segmenten)

=== romeinen 7 stem v (26 verzen) ===
  intro (2.69s)
  h1 kopje (1.41s)
  v1 (7.25s)
  v2 (9.09s)
  v3 (14.73s)
  v4 (13.49s)
  v5 (8.21s)
  v6 (10.57s)
  h7 kopje (1.33s)
  v7 (12.37s)
  v8 (8.33s)
  v9 (7.49s)
  v10 (4.09s)
  v11 (5.85s)
  v12 (5.49s)
  v13 (13.41s)
  h14 kopje (1.29s)
  v14 (5.93s)
  v15 (6.21s)
  v16 (4.49s)
  v17 (3.85s)
  v18 (9.45s)
  v19 (4.97s)
  v20 (6.13s)
  v21 (5.21s)
  v22 (3.73s)
  v23 (8.45s)
  v24 (4.01s)
  v25 (3.09s)
  v26 (5.45s)
  manifest.json (30 segmenten)

=== romeinen 8 stem v (39 verzen) ===
  intro (1.93s)
  h1 kopje (1.37s)
  v1 (7.21s)
  v2 (6.29s)
  v3 (12.29s)
  v4 (6.17s)
  v5 (7.77s)
  v6 (5.49s)
  v7 (7.61s)
  v8 (2.69s)
  v9 (10.09s)
  v10 (7.13s)
  v11 (13.97s)
  v12 (5.41s)
  v13 (6.93s)
  v14 (4.13s)
  v15 (10.41s)
  v16 (4.01s)
  v17 (11.21s)
  h18 kopje (1.65s)
  v18 (8.17s)
  v19 (5.69s)
  v20 (7.61s)
  v21 (8.05s)
  v22 (5.53s)
  v23 (12.21s)
  v24 (8.41s)
  v25 (4.05s)
  v26 (11.65s)
  v27 (6.89s)
  v28 (8.97s)
  v29 (10.05s)
  v30 (12.05s)
  h31 kopje (1.97s)
  v31 (5.21s)
  v32 (7.45s)
  v33 (5.97s)
  v34 (10.85s)
  v35 (10.29s)
  v36 (6.93s)
  v37 (5.57s)
  v38 (9.45s)
  v39 (9.53s)
  manifest.json (43 segmenten)

=== romeinen 9 stem v (33 verzen) ===
  intro (2.89s)
  h1 kopje (2.01s)
  v1 (6.77s)
  v2 (4.05s)
  v3 (6.05s)
  v4 (9.81s)
  v5 (9.13s)
  v6 (6.57s)
  v7 (6.97s)
  v8 (7.73s)
  v9 (6.29s)
  v10 (7.89s)
  v11 (11.05s)
  v12 (3.45s)
  v13 (4.85s)
  h14 kopje (1.65s)
  v14 (4.65s)
  v15 (7.85s)
  v16 (6.25s)
  v17 (9.49s)
  v18 (4.21s)
  v19 (5.01s)
  v20 (9.37s)
  v21 (7.45s)
  v22 (9.93s)
  v23 (7.89s)
  v24 (5.09s)
  v25 (7.77s)
  v26 (8.61s)
  v27 (8.49s)
  v28 (6.85s)
  v29 (10.41s)
  h30 kopje (2.09s)
  v30 (9.53s)
  v31 (5.73s)
  v32 (8.01s)
  v33 (9.89s)
  manifest.json (37 segmenten)

=== romeinen 10 stem v (21 verzen) ===
  intro (2.01s)
  h1 kopje (1.69s)
  v1 (7.53s)
  v2 (5.53s)
  v3 (8.09s)
  v4 (5.01s)
  v5 (7.17s)
  v6 (10.09s)
  v7 (5.93s)
  v8 (8.09s)
  v9 (9.01s)
  v10 (5.41s)
  v11 (4.61s)
  v12 (9.45s)
  v13 (4.33s)
  h14 kopje (1.73s)
  v14 (11.33s)
  v15 (11.41s)
  v16 (7.61s)
  v17 (4.25s)
  v18 (8.49s)
  v19 (12.41s)
  v20 (9.77s)
  v21 (7.45s)
  manifest.json (24 segmenten)

=== romeinen 11 stem v (36 verzen) ===
  intro (2.41s)
  h1 kopje (1.53s)
  v1 (9.53s)
  v2 (9.85s)
  v3 (8.21s)
  v4 (8.69s)
  v5 (5.53s)
  v6 (11.53s)
  v7 (8.21s)
  v8 (9.41s)
  v9 (7.77s)
  v10 (5.17s)
  h11 kopje (1.85s)
  v11 (10.45s)
  v12 (6.53s)
  v13 (6.09s)
  v14 (5.01s)
  v15 (6.45s)
  v16 (6.53s)
  v17 (12.01s)
  v18 (6.33s)
  v19 (4.37s)
  v20 (7.53s)
  v21 (6.77s)
  v22 (12.97s)
  v23 (7.01s)
  v24 (12.37s)
  h25 kopje (1.93s)
  v25 (11.33s)
  v26 (8.33s)
  v27 (4.29s)
  v28 (8.17s)
  v29 (3.61s)
  v30 (6.89s)
  v31 (6.57s)
  v32 (5.85s)
  h33 kopje (1.97s)
  v33 (8.45s)
  v34 (4.01s)
  v35 (3.61s)
  v36 (7.53s)
  manifest.json (41 segmenten)

=== romeinen 12 stem v (21 verzen) ===
  intro (2.49s)
  h1 kopje (1.09s)
  v1 (11.25s)
  v2 (11.57s)
  h3 kopje (2.01s)
  v3 (13.45s)
  v4 (5.29s)
  v5 (4.45s)
  v6 (4.13s)
  v7 (8.89s)
  v8 (8.25s)
  h9 kopje (0.97s)
  v9 (5.01s)
  v10 (5.09s)
  v11 (4.53s)
  v12 (4.85s)
  v13 (4.25s)
  v14 (3.77s)
  v15 (3.29s)
  v16 (7.93s)
  v17 (4.33s)
  v18 (4.97s)
  v19 (9.25s)
  v20 (9.17s)
  v21 (4.61s)
  manifest.json (25 segmenten)

=== romeinen 13 stem v (14 verzen) ===
  intro (2.17s)
  h1 kopje (2.49s)
  v1 (9.25s)
  v2 (7.93s)
  v3 (9.53s)
  v4 (13.05s)
  v5 (5.41s)
  v6 (6.61s)
  v7 (10.17s)
  h8 kopje (1.65s)
  v8 (6.37s)
  v9 (17.45s)
  v10 (5.29s)
  h11 kopje (1.89s)
  v11 (10.93s)
  v12 (9.01s)
  v13 (9.69s)
  v14 (4.73s)
  manifest.json (18 segmenten)

=== romeinen 14 stem v (23 verzen) ===
  intro (2.09s)
  h1 kopje (2.33s)
  v1 (5.89s)
  v2 (5.01s)
  v3 (8.57s)
  v4 (10.77s)
  v5 (8.89s)
  v6 (16.01s)
  v7 (4.57s)
  v8 (10.57s)
  v9 (7.85s)
  v10 (9.53s)
  v11 (6.81s)
  v12 (3.69s)
  h13 kopje (1.97s)
  v13 (7.49s)
  v14 (7.97s)
  v15 (9.37s)
  v16 (2.05s)
  v17 (7.85s)
  v18 (5.49s)
  v19 (5.33s)
  v20 (8.49s)
  v21 (8.73s)
  v22 (7.73s)
  v23 (8.25s)
  manifest.json (26 segmenten)

=== romeinen 15 stem v (33 verzen) ===
  intro (2.49s)
  h1 kopje (1.77s)
  v1 (7.09s)
  v2 (3.89s)
  v3 (8.05s)
  v4 (10.61s)
  v5 (6.37s)
  v6 (7.21s)
  v7 (5.21s)
  v8 (9.45s)
  v9 (8.77s)
  v10 (4.17s)
  v11 (4.89s)
  v12 (9.33s)
  v13 (9.65s)
  h14 kopje (2.17s)
  v14 (9.85s)
  v15 (9.13s)
  v16 (10.53s)
  v17 (4.37s)
  v18 (7.89s)
  v19 (11.09s)
  v20 (8.85s)
  v21 (8.13s)
  h22 kopje (2.49s)
  v22 (2.73s)
  v23 (7.05s)
  v24 (10.73s)
  v25 (2.93s)
  v26 (7.77s)
  v27 (11.09s)
  v28 (6.21s)
  v29 (6.17s)
  v30 (8.45s)
  v31 (8.09s)
  v32 (4.77s)
  v33 (2.93s)
  manifest.json (37 segmenten)

=== romeinen 16 stem v (27 verzen) ===
  intro (2.13s)
  h1 kopje (1.45s)
  v1 (6.53s)
  v2 (11.37s)
  v3 (4.01s)
  v4 (6.01s)
  v5 (7.09s)
  v6 (3.05s)
  v7 (8.97s)
  v8 (2.77s)
  v9 (5.37s)
  v10 (6.37s)
  v11 (8.65s)
  v12 (9.33s)
  v13 (4.73s)
  v14 (6.69s)
  v15 (7.13s)
  v16 (4.09s)
  h17 kopje (2.65s)
  v17 (9.29s)
  v18 (8.53s)
  v19 (9.97s)
  v20 (7.57s)
  v21 (8.09s)
  v22 (4.05s)
  v23 (9.01s)
  v24 (4.85s)
  h25 kopje (1.77s)
  v25 (11.01s)
  v26 (10.53s)
  v27 (7.21s)
  manifest.json (31 segmenten)

=== 1korinthiers 1 stem v (31 verzen) ===
  intro (2.77s)
  h1 kopje (1.37s)
  v1 (6.69s)
  v2 (14.33s)
  v3 (5.01s)
  v4 (6.37s)
  v5 (4.05s)
  v6 (2.85s)
  v7 (5.97s)
  v8 (7.21s)
  v9 (6.53s)
  h10 kopje (1.69s)
  v10 (12.93s)
  v11 (6.21s)
  v12 (7.81s)
  v13 (5.13s)
  v14 (5.85s)
  v15 (3.17s)
  v16 (5.33s)
  v17 (10.09s)
  h18 kopje (3.29s)
  v18 (7.53s)
  v19 (6.69s)
  v20 (8.85s)
  v21 (11.65s)
  v22 (3.89s)
  v23 (6.89s)
  v24 (7.65s)
  v25 (5.29s)
  v26 (7.09s)
  v27 (10.37s)
  v28 (8.69s)
  v29 (1.73s)
  v30 (8.93s)
  v31 (4.57s)
  manifest.json (35 segmenten)

=== 1korinthiers 2 stem v (16 verzen) ===
  intro (2.25s)
  h1 kopje (2.37s)
  v1 (9.05s)
  v2 (5.01s)
  v3 (4.13s)
  v4 (7.89s)
  v5 (4.89s)
  h6 kopje (2.77s)
  v6 (8.09s)
  v7 (10.37s)
  v8 (7.93s)
  v9 (10.37s)
  v10 (6.81s)
  v11 (10.13s)
  v12 (8.85s)
  v13 (11.05s)
  v14 (9.65s)
  v15 (5.17s)
  v16 (6.17s)
  manifest.json (19 segmenten)

=== 1korinthiers 3 stem v (23 verzen) ===
  intro (2.61s)
  h1 kopje (2.29s)
  v1 (8.29s)
  v2 (6.81s)
  v3 (9.37s)
  v4 (6.25s)
  v5 (8.65s)
  v6 (5.21s)
  v7 (7.21s)
  v8 (5.85s)
  v9 (5.77s)
  h10 kopje (1.89s)
  v10 (10.37s)
  v11 (5.93s)
  v12 (6.25s)
  v13 (9.73s)
  v14 (4.25s)
  v15 (7.37s)
  v16 (4.41s)
  v17 (6.57s)
  h18 kopje (1.17s)
  v18 (8.25s)
  v19 (7.05s)
  v20 (4.61s)
  v21 (3.33s)
  v22 (12.69s)
  v23 (3.05s)
  manifest.json (27 segmenten)

=== 1korinthiers 4 stem v (21 verzen) ===
  intro (3.01s)
  h1 kopje (2.97s)
  v1 (6.01s)
  v2 (3.85s)
  v3 (7.29s)
  v4 (7.21s)
  v5 (13.93s)
  v6 (15.73s)
  v7 (9.29s)
  h8 kopje (1.49s)
  v8 (9.25s)
  v9 (12.37s)
  v10 (8.77s)
  v11 (9.45s)
  v12 (8.09s)
  v13 (6.69s)
  h14 kopje (1.45s)
  v14 (5.01s)
  v15 (9.61s)
  v16 (2.85s)
  v17 (11.57s)
  v18 (3.45s)
  v19 (8.13s)
  v20 (4.37s)
  v21 (5.73s)
  manifest.json (25 segmenten)

=== 1korinthiers 5 stem v (13 verzen) ===
  intro (3.01s)
  h1 kopje (1.81s)
  v1 (10.13s)
  v2 (7.65s)
  v3 (10.81s)
  v4 (8.29s)
  v5 (8.13s)
  h6 kopje (2.09s)
  v6 (5.73s)
  v7 (9.45s)
  v8 (11.41s)
  v9 (4.49s)
  v10 (9.93s)
  v11 (17.73s)
  v12 (4.97s)
  v13 (4.33s)
  manifest.json (16 segmenten)

=== 1korinthiers 6 stem v (20 verzen) ===
  intro (3.17s)
  h1 kopje (2.29s)
  v1 (7.09s)
  v2 (7.81s)
  v3 (5.77s)
  v4 (7.29s)
  v5 (7.53s)
  v6 (4.25s)
  v7 (8.89s)
  v8 (4.01s)
  h9 kopje (2.41s)
  v9 (4.37s)
  v10 (16.81s)
  v11 (10.05s)
  v12 (9.45s)
  v13 (11.01s)
  v14 (4.09s)
  v15 (8.29s)
  v16 (7.49s)
  v17 (3.01s)
  v18 (9.65s)
  v19 (7.89s)
  v20 (5.61s)
  manifest.json (23 segmenten)

=== 1korinthiers 7 stem v (40 verzen) ===
  intro (2.81s)
  h1 kopje (1.05s)
  v1 (5.93s)
  v2 (5.77s)
  v3 (5.17s)
  v4 (8.09s)
  v5 (12.37s)
  v6 (2.61s)
  v7 (8.81s)
  v8 (5.93s)
  v9 (5.05s)
  v10 (4.81s)
  v11 (6.85s)
  v12 (9.17s)
  v13 (6.57s)
  v14 (10.37s)
  v15 (9.49s)
  v16 (6.21s)
  h17 kopje (1.81s)
  v17 (8.25s)
  v18 (9.01s)
  v19 (6.05s)
  v20 (2.89s)
  v21 (7.21s)
  v22 (10.49s)
  v23 (3.33s)
  v24 (5.21s)
  h25 kopje (2.01s)
  v25 (9.25s)
  v26 (6.53s)
  v27 (6.37s)
  v28 (9.25s)
  v29 (6.65s)
  v30 (7.53s)
  v31 (5.77s)
  v32 (7.61s)
  v33 (5.17s)
  v34 (14.73s)
  v35 (12.37s)
  v36 (10.57s)
  v37 (10.25s)
  v38 (7.01s)
  v39 (10.49s)
  v40 (6.49s)
  manifest.json (44 segmenten)

=== 1korinthiers 8 stem v (13 verzen) ===
  intro (4.61s)
  h1 kopje (1.97s)
  v1 (9.77s)
  v2 (4.73s)
  v3 (3.09s)
  v4 (9.57s)
  v5 (8.17s)
  v6 (10.05s)
  v7 (11.81s)
  v8 (9.29s)
  v9 (5.69s)
  v10 (12.13s)
  v11 (5.49s)
  v12 (6.05s)
  v13 (7.53s)
  manifest.json (15 segmenten)

=== 1korinthiers 9 stem v (27 verzen) ===
  intro (2.97s)
  h1 kopje (1.53s)
  v1 (7.65s)
  v2 (6.53s)
  v3 (3.93s)
  v4 (2.69s)
  v5 (9.45s)
  v6 (2.81s)
  v7 (10.41s)
  v8 (3.69s)
  v9 (6.77s)
  v10 (10.97s)
  v11 (7.05s)
  v12 (12.85s)
  v13 (8.17s)
  v14 (5.73s)
  h15 kopje (2.09s)
  v15 (11.09s)
  v16 (8.97s)
  v17 (6.65s)
  v18 (9.97s)
  v19 (5.65s)
  v20 (11.45s)
  v21 (11.81s)
  v22 (7.49s)
  v23 (5.13s)
  h24 kopje (2.21s)
  v24 (8.17s)
  v25 (9.41s)
  v26 (5.65s)
  v27 (7.53s)
  manifest.json (31 segmenten)

=== 1korinthiers 10 stem v (33 verzen) ===
  intro (2.73s)
  h1 kopje (2.21s)
  v1 (7.81s)
  v2 (3.73s)
  v3 (2.89s)
  v4 (8.81s)
Traceback (most recent call last):
  File "/home/maarten/Documents/GitHub/website-open-bijbelvertaling/.venv-higgs-v3/lib/python3.12/site-packages/urllib3/connectionpool.py", line 534, in _make_request
    response = conn.getresponse()
               ^^^^^^^^^^^^^^^^^^
  File "/home/maarten/Documents/GitHub/website-open-bijbelvertaling/.venv-higgs-v3/lib/python3.12/site-packages/urllib3/connection.py", line 571, in getresponse
    httplib_response = super().getresponse()
                       ^^^^^^^^^^^^^^^^^^^^^
  File "/usr/lib/python3.12/http/client.py", line 1457, in getresponse
    response.begin()
  File "/usr/lib/python3.12/http/client.py", line 336, in begin
    version, status, reason = self._read_status()
                              ^^^^^^^^^^^^^^^^^^^
  File "/usr/lib/python3.12/http/client.py", line 297, in _read_status
    line = str(self.fp.readline(_MAXLINE + 1), "iso-8859-1")
               ^^^^^^^^^^^^^^^^^^^^^^^^^^^^^^
  File "/usr/lib/python3.12/socket.py", line 707, in readinto
    return self._sock.recv_into(b)
           ^^^^^^^^^^^^^^^^^^^^^^^
TimeoutError: timed out

The above exception was the direct cause of the following exception:

Traceback (most recent call last):
  File "/home/maarten/Documents/GitHub/website-open-bijbelvertaling/.venv-higgs-v3/lib/python3.12/site-packages/requests/adapters.py", line 696, in send
    resp = conn.urlopen(
           ^^^^^^^^^^^^^
  File "/home/maarten/Documents/GitHub/website-open-bijbelvertaling/.venv-higgs-v3/lib/python3.12/site-packages/urllib3/connectionpool.py", line 842, in urlopen
    retries = retries.increment(
              ^^^^^^^^^^^^^^^^^^
  File "/home/maarten/Documents/GitHub/website-open-bijbelvertaling/.venv-higgs-v3/lib/python3.12/site-packages/urllib3/util/retry.py", line 498, in increment
    raise reraise(type(error), error, _stacktrace)
          ^^^^^^^^^^^^^^^^^^^^^^^^^^^^^^^^^^^^^^^^
  File "/home/maarten/Documents/GitHub/website-open-bijbelvertaling/.venv-higgs-v3/lib/python3.12/site-packages/urllib3/util/util.py", line 39, in reraise
    raise value
  File "/home/maarten/Documents/GitHub/website-open-bijbelvertaling/.venv-higgs-v3/lib/python3.12/site-packages/urllib3/connectionpool.py", line 788, in urlopen
    response = self._make_request(
               ^^^^^^^^^^^^^^^^^^^
  File "/home/maarten/Documents/GitHub/website-open-bijbelvertaling/.venv-higgs-v3/lib/python3.12/site-packages/urllib3/connectionpool.py", line 536, in _make_request
    self._raise_timeout(err=e, url=url, timeout_value=read_timeout)
  File "/home/maarten/Documents/GitHub/website-open-bijbelvertaling/.venv-higgs-v3/lib/python3.12/site-packages/urllib3/connectionpool.py", line 367, in _raise_timeout
    raise ReadTimeoutError(
urllib3.exceptions.ReadTimeoutError: HTTPConnectionPool(host='127.0.0.1', port=8765): Read timed out. (read timeout=120)

During handling of the above exception, another exception occurred:

Traceback (most recent call last):
  File "<frozen runpy>", line 198, in _run_module_as_main
  File "<frozen runpy>", line 88, in _run_code
  File "/home/maarten/Documents/GitHub/website-open-bijbelvertaling/scripts/tts/generate_chunks.py", line 256, in <module>
    main()
  File "/home/maarten/Documents/GitHub/website-open-bijbelvertaling/scripts/tts/generate_chunks.py", line 244, in main
    generate_chapter(book, ch, args.voice, ref_audio, ref_text, args.force)
  File "/home/maarten/Documents/GitHub/website-open-bijbelvertaling/scripts/tts/generate_chunks.py", line 184, in generate_chapter
    d = synth(raw, outdir / f, ref_audio, ref_text)
        ^^^^^^^^^^^^^^^^^^^^^^^^^^^^^^^^^^^^^^^^^^^
  File "/home/maarten/Documents/GitHub/website-open-bijbelvertaling/scripts/tts/generate_chunks.py", line 115, in synth
    resp = requests.post(url, json=payload, headers={"Content-Type": "application/json"},
           ^^^^^^^^^^^^^^^^^^^^^^^^^^^^^^^^^^^^^^^^^^^^^^^^^^^^^^^^^^^^^^^^^^^^^^^^^^^^^^
  File "/home/maarten/Documents/GitHub/website-open-bijbelvertaling/.venv-higgs-v3/lib/python3.12/site-packages/requests/api.py", line 134, in post
    return request("post", url, data=data, json=json, **kwargs)
           ^^^^^^^^^^^^^^^^^^^^^^^^^^^^^^^^^^^^^^^^^^^^^^^^^^^^
  File "/home/maarten/Documents/GitHub/website-open-bijbelvertaling/.venv-higgs-v3/lib/python3.12/site-packages/requests/api.py", line 71, in request
    return session.request(method=method, url=url, **kwargs)
           ^^^^^^^^^^^^^^^^^^^^^^^^^^^^^^^^^^^^^^^^^^^^^^^^^
  File "/home/maarten/Documents/GitHub/website-open-bijbelvertaling/.venv-higgs-v3/lib/python3.12/site-packages/requests/sessions.py", line 651, in request
    resp = self.send(prep, **send_kwargs)
           ^^^^^^^^^^^^^^^^^^^^^^^^^^^^^^
  File "/home/maarten/Documents/GitHub/website-open-bijbelvertaling/.venv-higgs-v3/lib/python3.12/site-packages/requests/sessions.py", line 784, in send
    r = adapter.send(request, **kwargs)
        ^^^^^^^^^^^^^^^^^^^^^^^^^^^^^^^
  File "/home/maarten/Documents/GitHub/website-open-bijbelvertaling/.venv-higgs-v3/lib/python3.12/site-packages/requests/adapters.py", line 742, in send
    raise ReadTimeout(e, request=request)
requests.exceptions.ReadTimeout: HTTPConnectionPool(host='127.0.0.1', port=8765): Read timed out. (read timeout=120)
[sup] NT/v: 142/260 (02:57)
Server starten: /home/maarten/Documents/GitHub/website-open-bijbelvertaling/.venv-higgs-v3/bin/sgl-omni serve --model-path bosonai/higgs-audio-v3-tts-4b --port 8765 --host 127.0.0.1 --model-name higgs-audio-v3-tts
Wachten op server (max 360s)...
[server] WARNING:sglang_omni.models.higgs_tts._vendored.higgs_audio_v2_tokenizer_hf:Could not determine semantic model type from config architecture. Defaulting to `HubertConfig`.
[server] WARNING:sglang.srt.models.registry:Ignore import error when loading sglang.srt.models.glmasr: cannot import name 'GlmAsrConfig' from 'transformers' (/home/maarten/Documents/GitHub/website-open-bijbelvertaling/.venv-higgs-v3/lib/python3.12/site-packages/transformers/__init__.py)
[server] [Gloo] Rank 0 is connected to 0 peer ranks. Expected number of connected peer ranks is : 0
[server] [Gloo] Rank 0 is connected to 0 peer ranks. Expected number of connected peer ranks is : 0
[server] [Gloo] Rank 0 is connected to 0 peer ranks. Expected number of connected peer ranks is : 0
[server] [Gloo] Rank 0 is connected to 0 peer ranks. Expected number of connected peer ranks is : 0
Server luistert op poort.
  overslaan (up-to-date): mattheus 1 v
  overslaan (up-to-date): mattheus 2 v
  overslaan (up-to-date): mattheus 3 v
  overslaan (up-to-date): mattheus 4 v
  overslaan (up-to-date): mattheus 5 v
  overslaan (up-to-date): mattheus 6 v
  overslaan (up-to-date): mattheus 7 v
  overslaan (up-to-date): mattheus 8 v
  overslaan (up-to-date): mattheus 9 v
  overslaan (up-to-date): mattheus 10 v
  overslaan (up-to-date): mattheus 11 v
  overslaan (up-to-date): mattheus 12 v
  overslaan (up-to-date): mattheus 13 v
  overslaan (up-to-date): mattheus 14 v
  overslaan (up-to-date): mattheus 15 v
  overslaan (up-to-date): mattheus 16 v
  overslaan (up-to-date): mattheus 17 v
  overslaan (up-to-date): mattheus 18 v
  overslaan (up-to-date): mattheus 19 v
  overslaan (up-to-date): mattheus 20 v
  overslaan (up-to-date): mattheus 21 v
  overslaan (up-to-date): mattheus 22 v
  overslaan (up-to-date): mattheus 23 v
  overslaan (up-to-date): mattheus 24 v
  overslaan (up-to-date): mattheus 25 v
  overslaan (up-to-date): mattheus 26 v
  overslaan (up-to-date): mattheus 27 v
  overslaan (up-to-date): mattheus 28 v
  overslaan (up-to-date): markus 1 v
  overslaan (up-to-date): markus 2 v
  overslaan (up-to-date): markus 3 v
  overslaan (up-to-date): markus 4 v
  overslaan (up-to-date): markus 5 v
  overslaan (up-to-date): markus 6 v
  overslaan (up-to-date): markus 7 v
  overslaan (up-to-date): markus 8 v
  overslaan (up-to-date): markus 9 v
  overslaan (up-to-date): markus 10 v
  overslaan (up-to-date): markus 11 v
  overslaan (up-to-date): markus 12 v
  overslaan (up-to-date): markus 13 v
  overslaan (up-to-date): markus 14 v
  overslaan (up-to-date): markus 15 v
  overslaan (up-to-date): markus 16 v
  overslaan (up-to-date): lukas 1 v
  overslaan (up-to-date): lukas 2 v
  overslaan (up-to-date): lukas 3 v
  overslaan (up-to-date): lukas 4 v
  overslaan (up-to-date): lukas 5 v
  overslaan (up-to-date): lukas 6 v
  overslaan (up-to-date): lukas 7 v
  overslaan (up-to-date): lukas 8 v
  overslaan (up-to-date): lukas 9 v
  overslaan (up-to-date): lukas 10 v
  overslaan (up-to-date): lukas 11 v
  overslaan (up-to-date): lukas 12 v
  overslaan (up-to-date): lukas 13 v
  overslaan (up-to-date): lukas 14 v
  overslaan (up-to-date): lukas 15 v
  overslaan (up-to-date): lukas 16 v
  overslaan (up-to-date): lukas 17 v
  overslaan (up-to-date): lukas 18 v
  overslaan (up-to-date): lukas 19 v
  overslaan (up-to-date): lukas 20 v
  overslaan (up-to-date): lukas 21 v
  overslaan (up-to-date): lukas 22 v
  overslaan (up-to-date): lukas 23 v
  overslaan (up-to-date): lukas 24 v
  overslaan (up-to-date): johannes 1 v
  overslaan (up-to-date): johannes 2 v
  overslaan (up-to-date): johannes 3 v
  overslaan (up-to-date): johannes 4 v
  overslaan (up-to-date): johannes 5 v
  overslaan (up-to-date): johannes 6 v
  overslaan (up-to-date): johannes 7 v
  overslaan (up-to-date): johannes 8 v
  overslaan (up-to-date): johannes 9 v
  overslaan (up-to-date): johannes 10 v
  overslaan (up-to-date): johannes 11 v
  overslaan (up-to-date): johannes 12 v
  overslaan (up-to-date): johannes 13 v
  overslaan (up-to-date): johannes 14 v
  overslaan (up-to-date): johannes 15 v
  overslaan (up-to-date): johannes 16 v
  overslaan (up-to-date): johannes 17 v
  overslaan (up-to-date): johannes 18 v
  overslaan (up-to-date): johannes 19 v
  overslaan (up-to-date): johannes 20 v
  overslaan (up-to-date): johannes 21 v
  overslaan (up-to-date): handelingen 1 v
  overslaan (up-to-date): handelingen 2 v
  overslaan (up-to-date): handelingen 3 v
  overslaan (up-to-date): handelingen 4 v
  overslaan (up-to-date): handelingen 5 v
  overslaan (up-to-date): handelingen 6 v
  overslaan (up-to-date): handelingen 7 v
  overslaan (up-to-date): handelingen 8 v
  overslaan (up-to-date): handelingen 9 v
  overslaan (up-to-date): handelingen 10 v
  overslaan (up-to-date): handelingen 11 v
  overslaan (up-to-date): handelingen 12 v
  overslaan (up-to-date): handelingen 13 v
  overslaan (up-to-date): handelingen 14 v
  overslaan (up-to-date): handelingen 15 v
  overslaan (up-to-date): handelingen 16 v
  overslaan (up-to-date): handelingen 17 v
  overslaan (up-to-date): handelingen 18 v
  overslaan (up-to-date): handelingen 19 v
  overslaan (up-to-date): handelingen 20 v
  overslaan (up-to-date): handelingen 21 v
  overslaan (up-to-date): handelingen 22 v
  overslaan (up-to-date): handelingen 23 v
  overslaan (up-to-date): handelingen 24 v
  overslaan (up-to-date): handelingen 25 v
  overslaan (up-to-date): handelingen 26 v
  overslaan (up-to-date): handelingen 27 v
  overslaan (up-to-date): handelingen 28 v
  overslaan (up-to-date): romeinen 1 v
  overslaan (up-to-date): romeinen 2 v
  overslaan (up-to-date): romeinen 3 v
  overslaan (up-to-date): romeinen 4 v
  overslaan (up-to-date): romeinen 5 v
  overslaan (up-to-date): romeinen 6 v
  overslaan (up-to-date): romeinen 7 v
  overslaan (up-to-date): romeinen 8 v
  overslaan (up-to-date): romeinen 9 v
  overslaan (up-to-date): romeinen 10 v
  overslaan (up-to-date): romeinen 11 v
  overslaan (up-to-date): romeinen 12 v
  overslaan (up-to-date): romeinen 13 v
  overslaan (up-to-date): romeinen 14 v
  overslaan (up-to-date): romeinen 15 v
  overslaan (up-to-date): romeinen 16 v
  overslaan (up-to-date): 1korinthiers 1 v
  overslaan (up-to-date): 1korinthiers 2 v
  overslaan (up-to-date): 1korinthiers 3 v
  overslaan (up-to-date): 1korinthiers 4 v
  overslaan (up-to-date): 1korinthiers 5 v
  overslaan (up-to-date): 1korinthiers 6 v
  overslaan (up-to-date): 1korinthiers 7 v
  overslaan (up-to-date): 1korinthiers 8 v
  overslaan (up-to-date): 1korinthiers 9 v

=== 1korinthiers 10 stem v (33 verzen) ===
  intro (2.37s)
  h1 kopje (2.25s)
  v1 (8.13s)
  v2 (3.05s)
  v3 (2.81s)
  v4 (9.13s)
  v5 (6.01s)
  v6 (6.77s)
  v7 (9.85s)
  v8 (6.89s)
  v9 (6.57s)
  v10 (5.33s)
  v11 (7.97s)
  v12 (3.57s)
  v13 (12.25s)
  h14 kopje (2.25s)
  v14 (3.21s)
  v15 (3.69s)
  v16 (11.61s)
  v17 (6.21s)
  v18 (6.65s)
  v19 (4.97s)
  v20 (9.57s)
  v21 (8.93s)
  v22 (2.89s)
  h23 kopje (1.45s)
  v23 (7.49s)
  v24 (4.13s)
  v25 (5.21s)
  v26 (3.45s)
  v27 (8.77s)
  v28 (13.45s)
  v29 (8.29s)
  v30 (6.37s)
  v31 (7.05s)
  v32 (5.17s)
  v33 (7.65s)
  manifest.json (37 segmenten)

=== 1korinthiers 11 stem v (34 verzen) ===
  intro (2.45s)
  h1 kopje (2.21s)
  v1 (3.01s)
  v2 (7.61s)
  v3 (8.01s)
  v4 (6.01s)
  v5 (9.85s)
  v6 (10.13s)
  v7 (6.85s)
  v8 (2.93s)
  v9 (3.81s)
  v10 (3.57s)
  v11 (4.17s)
  v12 (5.49s)
  v13 (5.01s)
  v14 (4.89s)
  v15 (6.49s)
  v16 (6.37s)
  h17 kopje (2.09s)
  v17 (6.73s)
  v18 (7.25s)
  v19 (6.29s)
  v20 (4.05s)
  v21 (6.01s)
  v22 (11.37s)
  h23 kopje (1.93s)
  v23 (8.53s)
  v24 (8.85s)
  v25 (12.45s)
  v26 (7.61s)
  v27 (8.45s)
  v28 (5.65s)
  v29 (6.77s)
  v30 (3.61s)
  v31 (4.17s)
  v32 (6.45s)
  v33 (4.61s)
  v34 (9.57s)
  manifest.json (38 segmenten)

=== 1korinthiers 12 stem v (31 verzen) ===
  intro (2.93s)
  h1 kopje (2.17s)
  v1 (4.57s)
  v2 (5.89s)
  v3 (10.77s)
  v4 (3.89s)
  v5 (3.73s)
  v6 (5.29s)
  v7 (4.33s)
  v8 (7.05s)
  v9 (6.89s)
  v10 (11.73s)
  v11 (6.13s)
  h12 kopje (2.01s)
  v12 (9.89s)
  v13 (9.85s)
  v14 (3.77s)
  v15 (6.41s)
  v16 (6.41s)
  v17 (7.29s)
  v18 (5.21s)
  v19 (3.21s)
  v20 (3.21s)
  v21 (6.61s)
  v22 (5.33s)
  v23 (9.13s)
  v24 (8.09s)
  v25 (5.25s)
  v26 (7.53s)
  v27 (3.53s)
  v28 (13.53s)
  v29 (6.53s)
  v30 (6.81s)
  v31 (4.77s)
  manifest.json (34 segmenten)

=== 1korinthiers 13 stem v (13 verzen) ===
  intro (3.01s)
  h1 kopje (1.73s)
  v1 (9.09s)
  v2 (12.49s)
  v3 (11.93s)
  v4 (8.49s)
  v5 (6.05s)
  v6 (4.41s)
  v7 (5.77s)
  v8 (10.77s)
  v9 (3.21s)
  v10 (5.41s)
  v11 (10.37s)
  v12 (9.77s)
  v13 (5.41s)
  manifest.json (15 segmenten)

=== 1korinthiers 14 stem v (40 verzen) ===
  intro (2.77s)
  h1 kopje (2.93s)
  v1 (5.65s)
  v2 (8.17s)
  v3 (4.93s)
  v4 (5.69s)
  v5 (13.25s)
  v6 (11.65s)
  v7 (11.65s)
  v8 (4.69s)
  v9 (9.61s)
  v10 (6.09s)
  v11 (8.25s)
  v12 (7.89s)
  v13 (4.57s)
  v14 (5.65s)
  v15 (8.49s)
  v16 (10.13s)
  v17 (3.65s)
  v18 (4.05s)
  v19 (8.21s)
  v20 (8.21s)
  v21 (9.45s)
  v22 (10.53s)
  v23 (11.45s)
  v24 (8.73s)
  v25 (10.41s)
  h26 kopje (2.13s)
  v26 (12.93s)
  v27 (7.29s)
  v28 (6.53s)
  v29 (3.65s)
  v30 (5.01s)
  v31 (6.21s)
  v32 (3.21s)
  v33 (5.13s)
  v34 (8.29s)
  v35 (7.61s)
  v36 (4.01s)
  v37 (7.41s)
  v38 (3.17s)
  v39 (5.97s)
  v40 (2.37s)
  manifest.json (43 segmenten)

=== 1korinthiers 15 stem v (58 verzen) ===
  intro (2.73s)
  h1 kopje (1.61s)
  v1 (7.97s)
  v2 (8.25s)
  v3 (7.05s)
  v4 (5.21s)
  v5 (3.77s)
  v6 (7.65s)
  v7 (3.73s)
  v8 (5.17s)
  v9 (7.89s)
  v10 (13.57s)
  v11 (5.17s)
  h12 kopje (1.49s)
  v12 (8.57s)
  v13 (4.21s)
  v14 (6.05s)
  v15 (11.21s)
  v16 (3.69s)
  v17 (5.89s)
  v18 (3.21s)
  v19 (5.17s)
  v20 (6.49s)
  v21 (5.29s)
  v22 (6.17s)
  v23 (6.73s)
  v24 (10.01s)
  v25 (5.05s)
  v26 (3.73s)
  v27 (11.97s)
  v28 (10.37s)
  v29 (8.77s)
  v30 (2.41s)
  v31 (6.53s)
  v32 (11.73s)
  v33 (4.21s)
  v34 (7.13s)
  h35 kopje (2.37s)
  v35 (6.33s)
  v36 (4.57s)
  v37 (10.01s)
  v38 (5.37s)
  v39 (9.89s)
  v40 (8.41s)
  v41 (10.89s)
  v42 (7.41s)
  v43 (7.17s)
  v44 (8.09s)
  v45 (8.73s)
  v46 (4.93s)
  v47 (5.65s)
  v48 (6.17s)
  v49 (5.33s)
  h50 kopje (1.73s)
  v50 (9.05s)
  v51 (5.89s)
  v52 (10.29s)
  v53 (6.73s)
  v54 (12.69s)
  v55 (4.33s)
  v56 (4.37s)
  v57 (5.13s)
  v58 (11.21s)
  manifest.json (63 segmenten)

=== 1korinthiers 16 stem v (24 verzen) ===
  intro (2.61s)
  h1 kopje (1.65s)
  v1 (6.85s)
  v2 (13.17s)
  v3 (8.41s)
  v4 (5.33s)
  h5 kopje (1.25s)
  v5 (6.33s)
  v6 (6.77s)
  v7 (6.41s)
  v8 (2.97s)
  v9 (5.05s)
  v10 (7.45s)
  v11 (6.61s)
  v12 (12.61s)
  h13 kopje (2.09s)
  v13 (3.97s)
  v14 (1.97s)
  v15 (8.41s)
  v16 (5.25s)
  v17 (8.01s)
  v18 (5.17s)
  v19 (8.01s)
  v20 (3.81s)
  v21 (2.69s)
  v22 (6.09s)
  v23 (2.77s)
  v24 (3.05s)
  manifest.json (28 segmenten)

=== 2korinthiers 1 stem v (24 verzen) ===
  intro (2.45s)
  h1 kopje (1.93s)
  v1 (12.05s)
  v2 (5.57s)
  h3 kopje (1.77s)
  v3 (8.17s)
  v4 (9.69s)
  v5 (6.45s)
  v6 (13.41s)
  v7 (7.53s)
  v8 (13.17s)
  v9 (8.73s)
  v10 (6.65s)
  v11 (9.37s)
  h12 kopje (1.89s)
  v12 (13.81s)
  v13 (8.33s)
  v14 (7.53s)
  v15 (4.85s)
  v16 (6.69s)
  v17 (11.45s)
  v18 (6.29s)
  v19 (13.09s)
  v20 (7.49s)
  v21 (4.81s)
  v22 (4.49s)
  v23 (7.13s)
  v24 (6.57s)
  manifest.json (28 segmenten)

=== 2korinthiers 2 stem v (17 verzen) ===
  intro (2.69s)
  h1 kopje (1.93s)
  v1 (4.85s)
  v2 (6.81s)
  v3 (12.21s)
  v4 (10.69s)
  v5 (5.97s)
  v6 (4.17s)
  v7 (7.93s)
  v8 (3.21s)
  v9 (6.09s)
  v10 (13.29s)
  v11 (2.29s)
  h12 kopje (1.57s)
  v12 (12.57s)
  v13 (4.17s)
  v14 (8.57s)
  v15 (7.09s)
  v16 (6.93s)
  v17 (9.49s)
  manifest.json (20 segmenten)

=== 2korinthiers 3 stem v (18 verzen) ===
  intro (2.69s)
  h1 kopje (2.05s)
  v1 (9.25s)
  v2 (5.25s)
  v3 (12.93s)
  v4 (3.17s)
  v5 (6.17s)
  v6 (9.65s)
  v7 (14.85s)
  v8 (3.29s)
  v9 (8.01s)
  v10 (6.17s)
  v11 (7.41s)
  h12 kopje (1.65s)
  v12 (4.49s)
  v13 (9.53s)
  v14 (10.65s)
  v15 (4.97s)
  v16 (4.65s)
  v17 (5.29s)
  v18 (12.69s)
  manifest.json (21 segmenten)

=== 2korinthiers 4 stem v (18 verzen) ===
  intro (2.41s)
  h1 kopje (1.69s)
  v1 (7.17s)
  v2 (15.13s)
  v3 (5.21s)
  v4 (11.77s)
  v5 (7.61s)
  v6 (13.93s)
  v7 (6.61s)
  v8 (4.89s)
  v9 (5.05s)
  v10 (7.33s)
  v11 (8.85s)
  v12 (3.57s)
  v13 (10.17s)
  v14 (7.85s)
  v15 (9.33s)
  h16 kopje (1.33s)
  v16 (7.73s)
  v17 (7.81s)
  v18 (11.21s)
  manifest.json (21 segmenten)

=== 2korinthiers 5 stem v (21 verzen) ===
  intro (3.01s)
  h1 kopje (1.69s)
  v1 (10.29s)
  v2 (6.57s)
  v3 (2.93s)
  v4 (11.37s)
  v5 (5.89s)
  v6 (6.65s)
  v7 (4.09s)
  v8 (6.89s)
  v9 (6.93s)
  v10 (11.57s)
  h11 kopje (1.57s)
  v11 (10.33s)
  v12 (11.05s)
  v13 (7.09s)
  v14 (2.13s)
  v15 (16.37s)
  v16 (8.57s)
  v17 (7.49s)
  v18 (8.29s)
  v19 (8.69s)
  v20 (8.57s)
  v21 (7.89s)
  manifest.json (24 segmenten)

=== 2korinthiers 6 stem v (18 verzen) ===
  intro (4.53s)
  h1 kopje (2.41s)
  v1 (6.65s)
  v2 (12.29s)
  v3 (4.37s)
  v4 (10.13s)
  v5 (5.93s)
  v6 (7.89s)
  v7 (7.01s)
  v8 (6.41s)
  v9 (6.85s)
  v10 (8.61s)
  v11 (4.73s)
  v12 (3.25s)
  v13 (5.69s)
  h14 kopje (2.01s)
  v14 (9.13s)
  v15 (5.33s)
  v16 (15.53s)
  v17 (6.73s)
  v18 (6.17s)
  manifest.json (21 segmenten)

=== 2korinthiers 7 stem v (16 verzen) ===
  intro (2.61s)
  v1 (9.97s)
  h2 kopje (2.41s)
  v2 (7.33s)
  v3 (8.17s)
  v4 (10.21s)
  v5 (10.01s)
  v6 (5.61s)
  v7 (12.53s)
  h8 kopje (2.37s)
  v8 (11.29s)
  v9 (11.81s)
  v10 (7.49s)
  v11 (19.01s)
  v12 (14.37s)
  v13 (9.41s)
  v14 (12.49s)
  v15 (8.93s)
  v16 (3.33s)
  manifest.json (19 segmenten)

=== 2korinthiers 8 stem v (24 verzen) ===
  intro (2.53s)
  h1 kopje (2.25s)
  v1 (6.49s)
  v2 (9.25s)
  v3 (5.21s)
  v4 (8.01s)
  v5 (7.57s)
  v6 (7.29s)
  v7 (12.29s)
  v8 (6.37s)
  v9 (9.41s)
  v10 (7.93s)
  v11 (8.89s)
  v12 (7.53s)
  v13 (4.61s)
  v14 (11.45s)
  v15 (6.61s)
  h16 kopje (1.97s)
  v16 (5.33s)
  v17 (6.01s)
  v18 (5.53s)
  v19 (11.45s)
  v20 (5.33s)
  v21 (4.93s)
  v22 (10.41s)
  v23 (10.01s)
  v24 (5.93s)
  manifest.json (27 segmenten)

=== 2korinthiers 9 stem v (15 verzen) ===
  intro (2.69s)
  h1 kopje (2.05s)
  v1 (5.01s)
  v2 (12.25s)
  v3 (10.53s)
  v4 (10.13s)
  v5 (12.33s)
  v6 (6.89s)
  v7 (7.73s)
  v8 (10.77s)
  v9 (7.21s)
  v10 (8.93s)
  v11 (5.41s)
  v12 (7.01s)
  v13 (12.53s)
  v14 (5.33s)
  v15 (3.29s)
  manifest.json (17 segmenten)

=== 2korinthiers 10 stem v (18 verzen) ===
  intro (2.73s)
  h1 kopje (2.41s)
  v1 (12.41s)
  v2 (10.97s)
  v3 (4.17s)
  v4 (6.01s)
  v5 (10.57s)
  v6 (6.61s)
  v7 (11.53s)
  v8 (9.05s)
  v9 (3.57s)
  v10 (7.53s)
  v11 (8.57s)
  v12 (12.09s)
  v13 (8.81s)
  v14 (8.65s)
  v15 (10.05s)
  v16 (9.09s)
  v17 (2.37s)
  v18 (4.45s)
  manifest.json (20 segmenten)

=== 2korinthiers 11 stem v (33 verzen) ===
  intro (2.65s)
  h1 kopje (2.09s)
  v1 (4.97s)
  v2 (9.89s)
  v3 (10.85s)
  v4 (13.01s)
  v5 (4.61s)
  v6 (7.61s)
  v7 (7.29s)
  v8 (8.77s)
  v9 (8.93s)
  v10 (6.29s)
  v11 (4.05s)
  v12 (9.33s)
  v13 (6.01s)
  v14 (4.65s)
  v15 (8.53s)
  h16 kopje (1.65s)
  v16 (8.93s)
  v17 (6.13s)
  v18 (3.29s)
  v19 (3.09s)
  v20 (10.21s)
  v21 (9.05s)
  v22 (7.69s)
  v23 (11.69s)
  v24 (3.89s)
  v25 (9.33s)
  v26 (15.97s)
  v27 (7.29s)
  v28 (5.25s)
  v29 (4.41s)
  v30 (3.81s)
  v31 (6.89s)
  v32 (6.61s)
  v33 (5.13s)
  manifest.json (36 segmenten)

=== 2korinthiers 12 stem v (21 verzen) ===
  intro (3.09s)
  h1 kopje (2.53s)
  v1 (5.41s)
  v2 (13.73s)
  v3 (6.93s)
  v4 (7.93s)
  v5 (5.13s)
  v6 (11.09s)
  v7 (12.53s)
  v8 (4.13s)
  v9 (10.97s)
  v10 (11.17s)
  h11 kopje (2.09s)
  v11 (11.09s)
  v12 (6.77s)
  v13 (9.69s)
  v14 (13.45s)
  v15 (8.05s)
  v16 (5.21s)
  v17 (4.93s)
  v18 (10.45s)
  v19 (9.45s)
  v20 (17.05s)
  v21 (15.29s)
  manifest.json (24 segmenten)

=== 2korinthiers 13 stem v (13 verzen) ===
  intro (2.89s)
  h1 kopje (2.81s)
  v1 (6.01s)
  v2 (13.41s)
  v3 (7.37s)
  v4 (9.93s)
  v5 (10.77s)
  v6 (3.65s)
  v7 (8.81s)
  v8 (3.77s)
  v9 (7.69s)
  v10 (12.65s)
  h11 kopje (0.53s)
  v11 (11.21s)
  v12 (3.69s)
  v13 (7.57s)
  manifest.json (16 segmenten)

=== galaten 1 stem v (24 verzen) ===
  intro (2.09s)
  h1 kopje (1.45s)
  v1 (10.41s)
  v2 (3.73s)
  v3 (5.01s)
  v4 (8.25s)
  v5 (3.17s)
  h6 kopje (1.33s)
  v6 (8.93s)
  v7 (6.77s)
  v8 (10.25s)
  v9 (9.69s)
  v10 (8.33s)
  h11 kopje (2.37s)
  v11 (6.13s)
  v12 (6.17s)
  v13 (8.77s)
  v14 (7.33s)
  v15 (6.41s)
  v16 (9.57s)
  v17 (9.81s)
  v18 (5.85s)
  v19 (4.69s)
  v20 (4.37s)
  v21 (3.53s)
  v22 (4.41s)
  v23 (8.17s)
  v24 (1.61s)
  manifest.json (28 segmenten)

=== galaten 2 stem v (21 verzen) ===
  intro (2.53s)
  h1 kopje (2.89s)
  v1 (6.69s)
  v2 (13.45s)
  v3 (5.69s)
  v4 (11.21s)
  v5 (6.37s)
  v6 (11.81s)
  v7 (8.13s)
  v8 (7.45s)
  v9 (16.69s)
  v10 (4.65s)
  h11 kopje (2.45s)
  v11 (6.45s)
  v12 (12.61s)
  v13 (6.05s)
  v14 (15.69s)
  h15 kopje (2.77s)
  v15 (3.45s)
  v16 (19.81s)
  v17 (8.97s)
  v18 (5.53s)
  v19 (4.21s)
  v20 (14.05s)
  v21 (6.93s)
  manifest.json (25 segmenten)

=== galaten 3 stem v (29 verzen) ===
  intro (1.89s)
  h1 kopje (2.01s)
  v1 (11.33s)
  v2 (6.57s)
  v3 (4.45s)
  v4 (3.45s)
  v5 (7.37s)
  h6 kopje (2.05s)
  v6 (4.69s)
  v7 (5.25s)
  v8 (12.17s)
  v9 (4.41s)
  v10 (11.33s)
  v11 (6.77s)
  v12 (5.45s)
  v13 (8.69s)
  v14 (7.65s)
  h15 kopje (1.53s)
  v15 (7.81s)
  v16 (10.53s)
  v17 (13.17s)
  v18 (8.13s)
  v19 (10.65s)
  v20 (3.49s)
  v21 (10.53s)
  v22 (8.65s)
  h23 kopje (2.37s)
  v23 (8.33s)
  v24 (6.93s)
  v25 (4.01s)
  v26 (3.65s)
  v27 (4.37s)
  v28 (9.45s)
  v29 (5.21s)
  manifest.json (34 segmenten)

=== galaten 4 stem v (31 verzen) ===
  intro (2.17s)
  h1 kopje (1.89s)
  v1 (7.53s)
  v2 (4.89s)
  v3 (6.45s)
  v4 (7.69s)
  v5 (6.61s)
  v6 (7.13s)
  v7 (7.65s)
  h8 kopje (1.73s)
  v8 (4.97s)
  v9 (9.25s)
  v10 (3.89s)
  v11 (3.77s)
  v12 (6.57s)
  v13 (5.69s)
  v14 (9.85s)
  v15 (8.97s)
  v16 (3.01s)
  v17 (5.73s)
  v18 (5.05s)
  v19 (4.97s)
  v20 (6.37s)
  h21 kopje (2.25s)
  v21 (4.21s)
  v22 (6.01s)
  v23 (8.05s)
  v24 (8.81s)
  v25 (8.93s)
  v26 (4.85s)
  v27 (13.65s)
  v28 (4.01s)
  v29 (6.97s)
  v30 (8.89s)
  v31 (4.61s)
  manifest.json (35 segmenten)

=== galaten 5 stem v (26 verzen) ===
  intro (2.29s)
  h1 kopje (2.21s)
  v1 (7.25s)
  v2 (5.29s)
  v3 (5.93s)
  v4 (6.01s)
  v5 (4.65s)
  v6 (7.13s)
  v7 (4.33s)
  v8 (2.73s)
  v9 (3.17s)
  v10 (8.45s)
  v11 (8.69s)
  v12 (3.85s)
  h13 kopje (1.77s)
  v13 (8.37s)
  v14 (6.77s)
  v15 (4.45s)
  h16 kopje (2.97s)
  v16 (4.97s)
  v17 (8.37s)
  v18 (3.57s)
  v19 (6.49s)
  v20 (8.65s)
  v21 (12.77s)
  v22 (10.05s)
  v23 (1.69s)
  v24 (4.33s)
  v25 (3.61s)
  v26 (4.77s)
  manifest.json (30 segmenten)

=== galaten 6 stem v (18 verzen) ===
  intro (2.49s)
  h1 kopje (2.33s)
  v1 (12.65s)
  v2 (3.53s)
  v3 (5.21s)
  v4 (6.09s)
  v5 (2.05s)
  h6 kopje (1.33s)
  v6 (5.85s)
  v7 (5.93s)
  v8 (8.13s)
  v9 (7.49s)
  v10 (5.49s)
  h11 kopje (3.05s)
  v11 (3.29s)
  v12 (10.21s)
  v13 (7.97s)
  v14 (10.69s)
  v15 (6.45s)
  v16 (7.29s)
  v17 (5.53s)
  v18 (4.77s)
  manifest.json (22 segmenten)

=== efeziers 1 stem v (23 verzen) ===
  intro (2.61s)
  h1 kopje (2.05s)
  v1 (9.09s)
  v2 (4.21s)
  h3 kopje (2.85s)
  v3 (8.57s)
  v4 (8.81s)
  v5 (7.81s)
  v6 (4.89s)
  v7 (6.93s)
  v8 (4.45s)
  v9 (7.69s)
  v10 (8.69s)
  v11 (10.05s)
  v12 (5.57s)
  v13 (13.81s)
  v14 (6.25s)
  h15 kopje (2.13s)
  v15 (7.09s)
  v16 (3.53s)
  v17 (8.85s)
  v18 (9.57s)
  v19 (6.81s)
  v20 (7.53s)
  v21 (10.17s)
  v22 (6.65s)
  v23 (4.89s)
  manifest.json (27 segmenten)

=== efeziers 2 stem v (22 verzen) ===
  intro (2.73s)
  h1 kopje (2.41s)
  v1 (4.41s)
  v2 (10.21s)
  v3 (10.77s)
  v4 (5.97s)
  v5 (6.33s)
  v6 (5.57s)
  v7 (8.21s)
  v8 (5.81s)
  v9 (2.61s)
  v10 (8.45s)
  h11 kopje (2.89s)
  v11 (10.01s)
  v12 (10.73s)
  v13 (6.89s)
  v14 (6.85s)
  v15 (10.69s)
  v16 (7.53s)
  v17 (6.73s)
  v18 (4.05s)
  v19 (6.37s)
  v20 (5.65s)
  v21 (6.25s)
  v22 (4.37s)
  manifest.json (25 segmenten)

=== efeziers 3 stem v (21 verzen) ===
  intro (2.01s)
  h1 kopje (2.65s)
  v1 (5.89s)
  v2 (5.29s)
  v3 (6.13s)
  v4 (5.81s)
  v5 (8.73s)
  v6 (9.09s)
  v7 (6.89s)
  v8 (10.37s)
  v9 (11.01s)
  v10 (7.37s)
  v11 (4.89s)
  v12 (5.65s)
  v13 (5.25s)
  h14 kopje (2.25s)
  v14 (4.65s)
  v15 (3.33s)
  v16 (7.89s)
  v17 (5.49s)
  v18 (6.73s)
  v19 (6.77s)
  v20 (7.01s)
  v21 (9.01s)
  manifest.json (24 segmenten)

=== efeziers 4 stem v (32 verzen) ===
  intro (2.89s)
  h1 kopje (2.25s)
  v1 (6.69s)
  v2 (5.01s)
  v3 (4.17s)
  v4 (6.05s)
  v5 (2.69s)
  v6 (5.77s)
  h7 kopje (1.85s)
  v7 (5.05s)
  v8 (7.77s)
  v9 (7.21s)
  v10 (8.41s)
  v11 (8.57s)
  v12 (5.93s)
  v13 (10.41s)
  v14 (11.17s)
  v15 (8.09s)
  v16 (14.05s)
  h17 kopje (1.65s)
  v17 (8.61s)
  v18 (8.65s)
  v19 (7.93s)
  v20 (2.17s)
  v21 (5.21s)
  v22 (7.57s)
  v23 (3.05s)
  v24 (5.69s)
  v25 (6.53s)
  v26 (4.49s)
  v27 (1.69s)
  v28 (9.33s)
  v29 (8.25s)
  v30 (5.61s)
  v31 (6.69s)
  v32 (7.93s)
  manifest.json (36 segmenten)

=== efeziers 5 stem v (33 verzen) ===
  intro (2.57s)
  h1 kopje (2.37s)
  v1 (2.93s)
  v2 (10.89s)
  v3 (7.57s)
  v4 (7.05s)
  v5 (9.73s)
  v6 (7.77s)
  v7 (1.97s)
  v8 (5.77s)
  v9 (4.89s)
  v10 (2.13s)
  v11 (4.97s)
  v12 (3.45s)
  v13 (7.49s)
  v14 (7.17s)
  h15 kopje (2.01s)
  v15 (4.89s)
  v16 (2.81s)
  v17 (4.69s)
  v18 (4.73s)
  v19 (7.33s)
  v20 (6.05s)
  v21 (2.65s)
  h22 kopje (1.89s)
  v22 (4.41s)
  v23 (7.01s)
  v24 (6.29s)
  v25 (7.41s)
  v26 (5.53s)
  v27 (9.57s)
  v28 (8.09s)
  v29 (6.97s)
  v30 (4.53s)
  v31 (7.21s)
  v32 (5.41s)
  v33 (9.01s)
  manifest.json (37 segmenten)

=== efeziers 6 stem v (24 verzen) ===
  intro (3.17s)
  h1 kopje (3.17s)
  v1 (4.37s)
  v2 (3.17s)
  v3 (3.25s)
  v4 (7.13s)
  v5 (7.97s)
  v6 (6.81s)
Traceback (most recent call last):
  File "/home/maarten/Documents/GitHub/website-open-bijbelvertaling/.venv-higgs-v3/lib/python3.12/site-packages/urllib3/connectionpool.py", line 534, in _make_request
    response = conn.getresponse()
               ^^^^^^^^^^^^^^^^^^
  File "/home/maarten/Documents/GitHub/website-open-bijbelvertaling/.venv-higgs-v3/lib/python3.12/site-packages/urllib3/connection.py", line 571, in getresponse
    httplib_response = super().getresponse()
                       ^^^^^^^^^^^^^^^^^^^^^
  File "/usr/lib/python3.12/http/client.py", line 1457, in getresponse
    response.begin()
  File "/usr/lib/python3.12/http/client.py", line 336, in begin
    version, status, reason = self._read_status()
                              ^^^^^^^^^^^^^^^^^^^
  File "/usr/lib/python3.12/http/client.py", line 297, in _read_status
    line = str(self.fp.readline(_MAXLINE + 1), "iso-8859-1")
               ^^^^^^^^^^^^^^^^^^^^^^^^^^^^^^
  File "/usr/lib/python3.12/socket.py", line 707, in readinto
    return self._sock.recv_into(b)
           ^^^^^^^^^^^^^^^^^^^^^^^
TimeoutError: timed out

The above exception was the direct cause of the following exception:

Traceback (most recent call last):
  File "/home/maarten/Documents/GitHub/website-open-bijbelvertaling/.venv-higgs-v3/lib/python3.12/site-packages/requests/adapters.py", line 696, in send
    resp = conn.urlopen(
           ^^^^^^^^^^^^^
  File "/home/maarten/Documents/GitHub/website-open-bijbelvertaling/.venv-higgs-v3/lib/python3.12/site-packages/urllib3/connectionpool.py", line 842, in urlopen
    retries = retries.increment(
              ^^^^^^^^^^^^^^^^^^
  File "/home/maarten/Documents/GitHub/website-open-bijbelvertaling/.venv-higgs-v3/lib/python3.12/site-packages/urllib3/util/retry.py", line 498, in increment
    raise reraise(type(error), error, _stacktrace)
          ^^^^^^^^^^^^^^^^^^^^^^^^^^^^^^^^^^^^^^^^
  File "/home/maarten/Documents/GitHub/website-open-bijbelvertaling/.venv-higgs-v3/lib/python3.12/site-packages/urllib3/util/util.py", line 39, in reraise
    raise value
  File "/home/maarten/Documents/GitHub/website-open-bijbelvertaling/.venv-higgs-v3/lib/python3.12/site-packages/urllib3/connectionpool.py", line 788, in urlopen
    response = self._make_request(
               ^^^^^^^^^^^^^^^^^^^
  File "/home/maarten/Documents/GitHub/website-open-bijbelvertaling/.venv-higgs-v3/lib/python3.12/site-packages/urllib3/connectionpool.py", line 536, in _make_request
    self._raise_timeout(err=e, url=url, timeout_value=read_timeout)
  File "/home/maarten/Documents/GitHub/website-open-bijbelvertaling/.venv-higgs-v3/lib/python3.12/site-packages/urllib3/connectionpool.py", line 367, in _raise_timeout
    raise ReadTimeoutError(
urllib3.exceptions.ReadTimeoutError: HTTPConnectionPool(host='127.0.0.1', port=8765): Read timed out. (read timeout=120)

During handling of the above exception, another exception occurred:

Traceback (most recent call last):
  File "<frozen runpy>", line 198, in _run_module_as_main
  File "<frozen runpy>", line 88, in _run_code
  File "/home/maarten/Documents/GitHub/website-open-bijbelvertaling/scripts/tts/generate_chunks.py", line 256, in <module>
    main()
  File "/home/maarten/Documents/GitHub/website-open-bijbelvertaling/scripts/tts/generate_chunks.py", line 244, in main
    generate_chapter(book, ch, args.voice, ref_audio, ref_text, args.force)
  File "/home/maarten/Documents/GitHub/website-open-bijbelvertaling/scripts/tts/generate_chunks.py", line 184, in generate_chapter
    d = synth(raw, outdir / f, ref_audio, ref_text)
        ^^^^^^^^^^^^^^^^^^^^^^^^^^^^^^^^^^^^^^^^^^^
  File "/home/maarten/Documents/GitHub/website-open-bijbelvertaling/scripts/tts/generate_chunks.py", line 115, in synth
    resp = requests.post(url, json=payload, headers={"Content-Type": "application/json"},
           ^^^^^^^^^^^^^^^^^^^^^^^^^^^^^^^^^^^^^^^^^^^^^^^^^^^^^^^^^^^^^^^^^^^^^^^^^^^^^^
  File "/home/maarten/Documents/GitHub/website-open-bijbelvertaling/.venv-higgs-v3/lib/python3.12/site-packages/requests/api.py", line 134, in post
    return request("post", url, data=data, json=json, **kwargs)
           ^^^^^^^^^^^^^^^^^^^^^^^^^^^^^^^^^^^^^^^^^^^^^^^^^^^^
  File "/home/maarten/Documents/GitHub/website-open-bijbelvertaling/.venv-higgs-v3/lib/python3.12/site-packages/requests/api.py", line 71, in request
    return session.request(method=method, url=url, **kwargs)
           ^^^^^^^^^^^^^^^^^^^^^^^^^^^^^^^^^^^^^^^^^^^^^^^^^
  File "/home/maarten/Documents/GitHub/website-open-bijbelvertaling/.venv-higgs-v3/lib/python3.12/site-packages/requests/sessions.py", line 651, in request
    resp = self.send(prep, **send_kwargs)
           ^^^^^^^^^^^^^^^^^^^^^^^^^^^^^^
  File "/home/maarten/Documents/GitHub/website-open-bijbelvertaling/.venv-higgs-v3/lib/python3.12/site-packages/requests/sessions.py", line 784, in send
    r = adapter.send(request, **kwargs)
        ^^^^^^^^^^^^^^^^^^^^^^^^^^^^^^^
  File "/home/maarten/Documents/GitHub/website-open-bijbelvertaling/.venv-higgs-v3/lib/python3.12/site-packages/requests/adapters.py", line 742, in send
    raise ReadTimeout(e, request=request)
requests.exceptions.ReadTimeout: HTTPConnectionPool(host='127.0.0.1', port=8765): Read timed out. (read timeout=120)
[sup] NT/v: 173/260 (03:36)
Server starten: /home/maarten/Documents/GitHub/website-open-bijbelvertaling/.venv-higgs-v3/bin/sgl-omni serve --model-path bosonai/higgs-audio-v3-tts-4b --port 8765 --host 127.0.0.1 --model-name higgs-audio-v3-tts
Wachten op server (max 360s)...
[server] WARNING:sglang_omni.models.higgs_tts._vendored.higgs_audio_v2_tokenizer_hf:Could not determine semantic model type from config architecture. Defaulting to `HubertConfig`.
[server] WARNING:sglang.srt.models.registry:Ignore import error when loading sglang.srt.models.glmasr: cannot import name 'GlmAsrConfig' from 'transformers' (/home/maarten/Documents/GitHub/website-open-bijbelvertaling/.venv-higgs-v3/lib/python3.12/site-packages/transformers/__init__.py)
[server] [Gloo] Rank 0 is connected to 0 peer ranks. Expected number of connected peer ranks is : 0
[server] [Gloo] Rank 0 is connected to 0 peer ranks. Expected number of connected peer ranks is : 0
[server] [Gloo] Rank 0 is connected to 0 peer ranks. Expected number of connected peer ranks is : 0
Server luistert op poort.
  overslaan (up-to-date): mattheus 1 v
  overslaan (up-to-date): mattheus 2 v
  overslaan (up-to-date): mattheus 3 v
  overslaan (up-to-date): mattheus 4 v
  overslaan (up-to-date): mattheus 5 v
  overslaan (up-to-date): mattheus 6 v
  overslaan (up-to-date): mattheus 7 v
  overslaan (up-to-date): mattheus 8 v
  overslaan (up-to-date): mattheus 9 v
  overslaan (up-to-date): mattheus 10 v
  overslaan (up-to-date): mattheus 11 v
  overslaan (up-to-date): mattheus 12 v
  overslaan (up-to-date): mattheus 13 v
  overslaan (up-to-date): mattheus 14 v
  overslaan (up-to-date): mattheus 15 v
  overslaan (up-to-date): mattheus 16 v
  overslaan (up-to-date): mattheus 17 v
  overslaan (up-to-date): mattheus 18 v
  overslaan (up-to-date): mattheus 19 v
  overslaan (up-to-date): mattheus 20 v
  overslaan (up-to-date): mattheus 21 v
  overslaan (up-to-date): mattheus 22 v
  overslaan (up-to-date): mattheus 23 v
  overslaan (up-to-date): mattheus 24 v
  overslaan (up-to-date): mattheus 25 v
  overslaan (up-to-date): mattheus 26 v
  overslaan (up-to-date): mattheus 27 v
  overslaan (up-to-date): mattheus 28 v
  overslaan (up-to-date): markus 1 v
  overslaan (up-to-date): markus 2 v
  overslaan (up-to-date): markus 3 v
  overslaan (up-to-date): markus 4 v
  overslaan (up-to-date): markus 5 v
  overslaan (up-to-date): markus 6 v
  overslaan (up-to-date): markus 7 v
  overslaan (up-to-date): markus 8 v
  overslaan (up-to-date): markus 9 v
  overslaan (up-to-date): markus 10 v
  overslaan (up-to-date): markus 11 v
  overslaan (up-to-date): markus 12 v
  overslaan (up-to-date): markus 13 v
  overslaan (up-to-date): markus 14 v
  overslaan (up-to-date): markus 15 v
  overslaan (up-to-date): markus 16 v
  overslaan (up-to-date): lukas 1 v
  overslaan (up-to-date): lukas 2 v
  overslaan (up-to-date): lukas 3 v
  overslaan (up-to-date): lukas 4 v
  overslaan (up-to-date): lukas 5 v
  overslaan (up-to-date): lukas 6 v
  overslaan (up-to-date): lukas 7 v
  overslaan (up-to-date): lukas 8 v
  overslaan (up-to-date): lukas 9 v
  overslaan (up-to-date): lukas 10 v
  overslaan (up-to-date): lukas 11 v
  overslaan (up-to-date): lukas 12 v
  overslaan (up-to-date): lukas 13 v
  overslaan (up-to-date): lukas 14 v
  overslaan (up-to-date): lukas 15 v
  overslaan (up-to-date): lukas 16 v
  overslaan (up-to-date): lukas 17 v
  overslaan (up-to-date): lukas 18 v
  overslaan (up-to-date): lukas 19 v
  overslaan (up-to-date): lukas 20 v
  overslaan (up-to-date): lukas 21 v
  overslaan (up-to-date): lukas 22 v
  overslaan (up-to-date): lukas 23 v
  overslaan (up-to-date): lukas 24 v
  overslaan (up-to-date): johannes 1 v
  overslaan (up-to-date): johannes 2 v
  overslaan (up-to-date): johannes 3 v
  overslaan (up-to-date): johannes 4 v
  overslaan (up-to-date): johannes 5 v
  overslaan (up-to-date): johannes 6 v
  overslaan (up-to-date): johannes 7 v
  overslaan (up-to-date): johannes 8 v
  overslaan (up-to-date): johannes 9 v
  overslaan (up-to-date): johannes 10 v
  overslaan (up-to-date): johannes 11 v
  overslaan (up-to-date): johannes 12 v
  overslaan (up-to-date): johannes 13 v
  overslaan (up-to-date): johannes 14 v
  overslaan (up-to-date): johannes 15 v
  overslaan (up-to-date): johannes 16 v
  overslaan (up-to-date): johannes 17 v
  overslaan (up-to-date): johannes 18 v
  overslaan (up-to-date): johannes 19 v
  overslaan (up-to-date): johannes 20 v
  overslaan (up-to-date): johannes 21 v
  overslaan (up-to-date): handelingen 1 v
  overslaan (up-to-date): handelingen 2 v
  overslaan (up-to-date): handelingen 3 v
  overslaan (up-to-date): handelingen 4 v
  overslaan (up-to-date): handelingen 5 v
  overslaan (up-to-date): handelingen 6 v
  overslaan (up-to-date): handelingen 7 v
  overslaan (up-to-date): handelingen 8 v
  overslaan (up-to-date): handelingen 9 v
  overslaan (up-to-date): handelingen 10 v
  overslaan (up-to-date): handelingen 11 v
  overslaan (up-to-date): handelingen 12 v
  overslaan (up-to-date): handelingen 13 v
  overslaan (up-to-date): handelingen 14 v
  overslaan (up-to-date): handelingen 15 v
  overslaan (up-to-date): handelingen 16 v
  overslaan (up-to-date): handelingen 17 v
  overslaan (up-to-date): handelingen 18 v
  overslaan (up-to-date): handelingen 19 v
  overslaan (up-to-date): handelingen 20 v
  overslaan (up-to-date): handelingen 21 v
  overslaan (up-to-date): handelingen 22 v
  overslaan (up-to-date): handelingen 23 v
  overslaan (up-to-date): handelingen 24 v
  overslaan (up-to-date): handelingen 25 v
  overslaan (up-to-date): handelingen 26 v
  overslaan (up-to-date): handelingen 27 v
  overslaan (up-to-date): handelingen 28 v
  overslaan (up-to-date): romeinen 1 v
  overslaan (up-to-date): romeinen 2 v
  overslaan (up-to-date): romeinen 3 v
  overslaan (up-to-date): romeinen 4 v
  overslaan (up-to-date): romeinen 5 v
  overslaan (up-to-date): romeinen 6 v
  overslaan (up-to-date): romeinen 7 v
  overslaan (up-to-date): romeinen 8 v
  overslaan (up-to-date): romeinen 9 v
  overslaan (up-to-date): romeinen 10 v
  overslaan (up-to-date): romeinen 11 v
  overslaan (up-to-date): romeinen 12 v
  overslaan (up-to-date): romeinen 13 v
  overslaan (up-to-date): romeinen 14 v
  overslaan (up-to-date): romeinen 15 v
  overslaan (up-to-date): romeinen 16 v
  overslaan (up-to-date): 1korinthiers 1 v
  overslaan (up-to-date): 1korinthiers 2 v
  overslaan (up-to-date): 1korinthiers 3 v
  overslaan (up-to-date): 1korinthiers 4 v
  overslaan (up-to-date): 1korinthiers 5 v
  overslaan (up-to-date): 1korinthiers 6 v
  overslaan (up-to-date): 1korinthiers 7 v
  overslaan (up-to-date): 1korinthiers 8 v
  overslaan (up-to-date): 1korinthiers 9 v
  overslaan (up-to-date): 1korinthiers 10 v
  overslaan (up-to-date): 1korinthiers 11 v
  overslaan (up-to-date): 1korinthiers 12 v
  overslaan (up-to-date): 1korinthiers 13 v
  overslaan (up-to-date): 1korinthiers 14 v
  overslaan (up-to-date): 1korinthiers 15 v
  overslaan (up-to-date): 1korinthiers 16 v
  overslaan (up-to-date): 2korinthiers 1 v
  overslaan (up-to-date): 2korinthiers 2 v
  overslaan (up-to-date): 2korinthiers 3 v
  overslaan (up-to-date): 2korinthiers 4 v
  overslaan (up-to-date): 2korinthiers 5 v
  overslaan (up-to-date): 2korinthiers 6 v
  overslaan (up-to-date): 2korinthiers 7 v
  overslaan (up-to-date): 2korinthiers 8 v
  overslaan (up-to-date): 2korinthiers 9 v
  overslaan (up-to-date): 2korinthiers 10 v
  overslaan (up-to-date): 2korinthiers 11 v
  overslaan (up-to-date): 2korinthiers 12 v
  overslaan (up-to-date): 2korinthiers 13 v
  overslaan (up-to-date): galaten 1 v
  overslaan (up-to-date): galaten 2 v
  overslaan (up-to-date): galaten 3 v
  overslaan (up-to-date): galaten 4 v
  overslaan (up-to-date): galaten 5 v
  overslaan (up-to-date): galaten 6 v
  overslaan (up-to-date): efeziers 1 v
  overslaan (up-to-date): efeziers 2 v
  overslaan (up-to-date): efeziers 3 v
  overslaan (up-to-date): efeziers 4 v
  overslaan (up-to-date): efeziers 5 v

=== efeziers 6 stem v (24 verzen) ===
  intro (2.33s)
  h1 kopje (3.61s)
  v1 (4.17s)
  v2 (3.53s)
  v3 (3.17s)
  v4 (7.29s)
  v5 (8.29s)
  v6 (6.61s)
  v7 (3.09s)
  v8 (7.21s)
  v9 (10.01s)
  h10 kopje (1.61s)
  v10 (5.33s)
  v11 (5.97s)
  v12 (11.21s)
  v13 (8.05s)
  v14 (6.93s)
  v15 (4.05s)
  v16 (6.93s)
  v17 (4.89s)
  v18 (9.33s)
  v19 (8.49s)
  v20 (6.17s)
  h21 kopje (1.77s)
  v21 (9.17s)
  v22 (6.45s)
  v23 (6.61s)
  v24 (5.41s)
  manifest.json (28 segmenten)

=== filippenzen 1 stem v (30 verzen) ===
  intro (1.97s)
  h1 kopje (1.37s)
  v1 (9.45s)
  v2 (5.57s)
  v3 (3.05s)
  v4 (3.77s)
  v5 (4.25s)
  v6 (8.01s)
  v7 (15.09s)
  v8 (7.17s)
  h9 kopje (2.65s)
  v9 (6.73s)
  v10 (7.69s)
  v11 (6.29s)
  h12 kopje (2.09s)
  v12 (6.69s)
  v13 (5.29s)
  v14 (7.93s)
  v15 (5.61s)
  v16 (5.89s)
  v17 (5.53s)
  v18 (11.61s)
  v19 (6.73s)
  v20 (14.05s)
  h21 kopje (2.73s)
  v21 (3.45s)
  v22 (6.37s)
  v23 (8.21s)
  v24 (3.45s)
  v25 (7.41s)
  v26 (5.69s)
  h27 kopje (2.09s)
  v27 (16.09s)
  v28 (8.77s)
  v29 (6.85s)
  v30 (4.97s)
  manifest.json (36 segmenten)

=== filippenzen 2 stem v (30 verzen) ===
  intro (2.57s)
  h1 kopje (2.05s)
  v1 (10.69s)
  v2 (7.97s)
  v3 (6.81s)
  v4 (4.37s)
  h5 kopje (2.53s)
  v5 (3.57s)
  v6 (4.81s)
  v7 (6.09s)
  v8 (8.13s)
  v9 (6.29s)
  v10 (8.61s)
  v11 (5.69s)
  h12 kopje (2.53s)
  v12 (11.45s)
  v13 (5.57s)
  v14 (2.37s)
  v15 (10.17s)
  v16 (8.65s)
  v17 (8.41s)
  v18 (3.73s)
  h19 kopje (1.25s)
  v19 (7.57s)
  v20 (4.89s)
  v21 (3.57s)
  v22 (6.21s)
  v23 (4.89s)
  v24 (4.05s)
  v25 (10.41s)
  v26 (6.21s)
  v27 (10.21s)
  v28 (7.69s)
  v29 (5.01s)
  v30 (8.49s)
  manifest.json (35 segmenten)

=== filippenzen 3 stem v (21 verzen) ===
  intro (2.25s)
  h1 kopje (1.85s)
  v1 (8.29s)
  v2 (3.97s)
  v3 (7.41s)
  v4 (6.69s)
  v5 (10.17s)
  v6 (6.81s)
  h7 kopje (1.93s)
  v7 (4.33s)
  v8 (13.49s)
  v9 (10.69s)
  v10 (6.69s)
  v11 (3.17s)
  h12 kopje (1.21s)
  v12 (8.69s)
  v13 (3.73s)
  v14 (11.49s)
  v15 (8.05s)
  v16 (6.41s)
  h17 kopje (1.65s)
  v17 (6.33s)
  v18 (7.73s)
  v19 (7.13s)
  v20 (6.37s)
  v21 (10.57s)
  manifest.json (26 segmenten)

=== filippenzen 4 stem v (23 verzen) ===
  intro (2.65s)
  h1 kopje (2.69s)
  v1 (7.37s)
  v2 (5.05s)
  v3 (12.61s)
  v4 (4.41s)
  v5 (3.81s)
  v6 (7.13s)
  v7 (6.41s)
  h8 kopje (2.49s)
  v8 (14.77s)
  v9 (8.17s)
  h10 kopje (1.97s)
  v10 (9.89s)
  v11 (4.97s)
  v12 (12.45s)
  v13 (3.69s)
  v14 (3.85s)
  v15 (12.21s)
  v16 (5.29s)
  v17 (5.45s)
  v18 (12.97s)
  v19 (6.49s)
  h20 kopje (1.57s)
  v20 (4.65s)
  v21 (4.65s)
  v22 (4.25s)
  v23 (3.33s)
  manifest.json (28 segmenten)

=== kolossenzen 1 stem v (29 verzen) ===
  intro (2.61s)
  h1 kopje (1.89s)
  v1 (6.61s)
  v2 (9.17s)
  h3 kopje (2.45s)
  v3 (4.81s)
  v4 (6.33s)
  v5 (8.17s)
  v6 (12.05s)
  v7 (7.29s)
  v8 (3.01s)
  v9 (12.61s)
  v10 (8.09s)
  v11 (7.05s)
  v12 (5.85s)
  v13 (6.45s)
  v14 (4.77s)
  h15 kopje (2.37s)
  v15 (4.81s)
  v16 (14.57s)
  v17 (3.69s)
  v18 (10.25s)
  v19 (4.69s)
  v20 (12.81s)
  v21 (6.61s)
  v22 (7.21s)
  v23 (13.61s)
  h24 kopje (1.65s)
  v24 (9.21s)
  v25 (6.73s)
  v26 (7.37s)
  v27 (9.09s)
  v28 (10.29s)
  v29 (5.21s)
  manifest.json (34 segmenten)

=== kolossenzen 2 stem v (23 verzen) ===
  intro (2.49s)
  h1 kopje (3.17s)
  v1 (9.93s)
  v2 (12.61s)
  v3 (3.21s)
  v4 (5.25s)
  v5 (9.09s)
  v6 (4.61s)
  v7 (8.93s)
  h8 kopje (3.01s)
  v8 (11.05s)
  v9 (3.21s)
  v10 (4.33s)
  v11 (9.89s)
  v12 (9.45s)
  v13 (8.53s)
  v14 (12.45s)
  v15 (8.69s)
  h16 kopje (2.17s)
  v16 (7.57s)
  v17 (4.05s)
  v18 (10.45s)
  v19 (9.65s)
  v20 (8.05s)
  v21 (4.13s)
  v22 (5.21s)
  v23 (10.57s)
  manifest.json (27 segmenten)

=== kolossenzen 3 stem v (25 verzen) ===
  intro (2.53s)
  h1 kopje (1.53s)
  v1 (7.33s)
  v2 (3.37s)
  v3 (4.13s)
  v4 (7.17s)
  h5 kopje (1.53s)
  v5 (11.57s)
  v6 (3.93s)
  v7 (3.21s)
  v8 (8.65s)
  v9 (4.53s)
  v10 (6.85s)
  v11 (9.53s)
  h12 kopje (1.45s)
  v12 (11.89s)
  v13 (9.81s)
  v14 (4.25s)
  v15 (6.73s)
  v16 (11.85s)
  v17 (7.77s)
  h18 kopje (1.85s)
  v18 (4.53s)
  v19 (4.05s)
  v20 (5.57s)
  v21 (4.13s)
  v22 (9.69s)
  v23 (4.17s)
  v24 (6.69s)
  v25 (6.57s)
  manifest.json (30 segmenten)

=== kolossenzen 4 stem v (18 verzen) ===
  intro (2.65s)
  v1 (6.21s)
  h2 kopje (2.49s)
  v2 (3.89s)
  v3 (8.61s)
  v4 (3.25s)
  v5 (5.45s)
  v6 (7.57s)
  h7 kopje (2.01s)
  v7 (7.81s)
  v8 (5.85s)
  v9 (7.73s)
  v10 (9.57s)
  v11 (9.53s)
  v12 (12.05s)
  v13 (8.45s)
  v14 (5.21s)
  v15 (6.41s)
  v16 (10.29s)
  v17 (6.05s)
  v18 (6.17s)
  manifest.json (21 segmenten)

=== 1tessalonicensen 1 stem v (10 verzen) ===
  intro (3.01s)
  h1 kopje (2.09s)
  v1 (14.61s)
  v2 (4.81s)
  v3 (10.33s)
  h4 kopje (2.17s)
  v4 (3.61s)
  v5 (11.89s)
  v6 (8.73s)
  v7 (5.97s)
  v8 (12.97s)
  v9 (9.21s)
  v10 (8.05s)
  manifest.json (13 segmenten)

=== 1tessalonicensen 2 stem v (20 verzen) ===
  intro (3.09s)
  h1 kopje (2.37s)
  v1 (5.05s)
  v2 (13.97s)
  v3 (5.93s)
  v4 (11.29s)
  v5 (8.09s)
  v6 (8.01s)
  v7 (4.49s)
  v8 (10.01s)
  v9 (10.77s)
  v10 (7.49s)
  v11 (5.45s)
  v12 (6.13s)
  h13 kopje (2.09s)
  v13 (15.69s)
  v14 (12.73s)
  v15 (8.61s)
  v16 (9.69s)
  h17 kopje (2.05s)
  v17 (11.93s)
  v18 (6.65s)
  v19 (8.57s)
  v20 (2.49s)
  manifest.json (24 segmenten)

=== 1tessalonicensen 3 stem v (13 verzen) ===
  intro (3.17s)
  h1 kopje (1.77s)
  v1 (6.49s)
  v2 (10.61s)
  v3 (5.29s)
  v4 (7.73s)
  v5 (10.81s)
  h6 kopje (2.41s)
  v6 (12.77s)
  v7 (5.69s)
  v8 (2.97s)
  v9 (8.65s)
  v10 (7.09s)
  h11 kopje (1.77s)
  v11 (5.37s)
  v12 (8.65s)
  v13 (10.29s)
  manifest.json (17 segmenten)

=== 1tessalonicensen 4 stem v (18 verzen) ===
  intro (3.21s)
  h1 kopje (1.49s)
  v1 (10.65s)
  v2 (4.09s)
  v3 (5.37s)
  v4 (4.21s)
  v5 (4.85s)
  v6 (9.93s)
  v7 (3.89s)
  v8 (6.21s)
  h9 kopje (2.45s)
  v9 (7.09s)
  v10 (7.77s)
  v11 (6.69s)
  v12 (4.73s)
  h13 kopje (1.77s)
  v13 (10.77s)
  v14 (8.45s)
  v15 (9.77s)
  v16 (10.37s)
  v17 (11.05s)
  v18 (2.57s)
  manifest.json (22 segmenten)

=== 1tessalonicensen 5 stem v (28 verzen) ===
  intro (2.89s)
  h1 kopje (2.49s)
  v1 (5.41s)
  v2 (5.49s)
  v3 (11.25s)
  v4 (5.45s)
  v5 (6.53s)
  v6 (5.25s)
  v7 (5.33s)
  v8 (10.93s)
  v9 (6.45s)
  v10 (7.25s)
  v11 (4.21s)
  h12 kopje (2.33s)
  v12 (7.49s)
  v13 (5.57s)
  v14 (7.93s)
  v15 (8.45s)
  v16 (1.41s)
  v17 (1.21s)
  v18 (4.33s)
  v19 (1.57s)
  v20 (1.65s)
  v21 (2.49s)
  v22 (2.33s)
  h23 kopje (1.61s)
  v23 (12.65s)
  v24 (3.61s)
  v25 (1.89s)
  v26 (2.65s)
  v27 (4.73s)
  v28 (4.69s)
  manifest.json (32 segmenten)

=== 2tessalonicensen 1 stem v (12 verzen) ===
  intro (3.49s)
  h1 kopje (1.17s)
  v1 (9.29s)
  v2 (6.01s)
  h3 kopje (2.57s)
  v3 (10.65s)
  v4 (8.81s)
  h5 kopje (2.81s)
  v5 (6.89s)
  v6 (4.61s)
  v7 (7.53s)
  v8 (9.53s)
  v9 (6.49s)
  v10 (10.61s)
  h11 kopje (2.33s)
  v11 (10.05s)
  v12 (9.45s)
  manifest.json (17 segmenten)

=== 2tessalonicensen 2 stem v (17 verzen) ===
  intro (2.09s)
  h1 kopje (2.01s)
  v1 (6.37s)
  v2 (11.29s)
  v3 (10.73s)
  v4 (11.37s)
  v5 (4.37s)
  v6 (6.05s)
  v7 (9.77s)
  v8 (9.69s)
  v9 (7.49s)
  v10 (8.81s)
  v11 (4.73s)
  v12 (7.29s)
  h13 kopje (4.13s)
  v13 (12.93s)
  v14 (6.37s)
  v15 (7.53s)
  v16 (9.01s)
  v17 (4.81s)
  manifest.json (20 segmenten)

=== 2tessalonicensen 3 stem v (18 verzen) ===
  intro (3.29s)
  h1 kopje (1.97s)
  v1 (7.33s)
  v2 (5.97s)
  v3 (4.13s)
  v4 (5.93s)
  v5 (4.93s)
  h6 kopje (2.17s)
  v6 (11.17s)
  v7 (5.97s)
  v8 (8.77s)
  v9 (6.61s)
  v10 (6.21s)
  v11 (6.25s)
  v12 (7.21s)
  v13 (2.89s)
  v14 (8.37s)
  v15 (3.41s)
  h16 kopje (1.69s)
  v16 (7.41s)
  v17 (6.05s)
  v18 (3.33s)
  manifest.json (22 segmenten)

=== 1timotheus 1 stem v (20 verzen) ===
  intro (3.09s)
  h1 kopje (2.25s)
  v1 (8.73s)
  v2 (10.01s)
  v3 (9.29s)
  v4 (9.49s)
  h5 kopje (1.17s)
  v5 (6.81s)
  v6 (3.89s)
  v7 (5.93s)
  v8 (4.33s)
  v9 (14.29s)
  v10 (9.65s)
  h11 kopje (1.97s)
  v11 (4.53s)
  v12 (8.57s)
  v13 (9.89s)
  v14 (7.05s)
  v15 (9.85s)
  v16 (12.33s)
  v17 (9.17s)
  h18 kopje (1.89s)
  v18 (8.37s)
  v19 (6.93s)
  v20 (7.13s)
  manifest.json (25 segmenten)

=== 1timotheus 2 stem v (15 verzen) ===
  intro (2.93s)
  h1 kopje (1.73s)
  v1 (7.37s)
  v2 (9.61s)
  v3 (4.13s)
  v4 (4.33s)
  v5 (6.45s)
  v6 (5.49s)
  v7 (9.37s)
  h8 kopje (2.13s)
  v8 (6.41s)
  v9 (11.97s)
  v10 (4.81s)
  v11 (4.09s)
  v12 (6.61s)
  v13 (3.13s)
  v14 (5.21s)
  v15 (8.01s)
  manifest.json (18 segmenten)

=== 1timotheus 3 stem v (16 verzen) ===
  intro (2.33s)
  h1 kopje (2.29s)
  v1 (6.49s)
  v2 (9.89s)
  v3 (8.65s)
  v4 (5.73s)
  v5 (5.37s)
  v6 (5.01s)
  v7 (7.89s)
  h8 kopje (1.77s)
  v8 (6.81s)
  v9 (3.45s)
  v10 (5.05s)
  v11 (5.57s)
  v12 (5.29s)
  v13 (7.33s)
  h14 kopje (2.21s)
  v14 (3.89s)
  v15 (10.05s)
  v16 (15.81s)
  manifest.json (20 segmenten)

=== 1timotheus 4 stem v (16 verzen) ===
  intro (2.97s)
  h1 kopje (2.01s)
  v1 (10.29s)
  v2 (5.89s)
  v3 (9.65s)
  v4 (5.69s)
  v5 (3.65s)
  h6 kopje (1.45s)
  v6 (10.61s)
  v7 (5.37s)
  v8 (9.73s)
  v9 (3.13s)
  v10 (10.25s)
  v11 (2.01s)
  h12 kopje (1.29s)
  v12 (9.93s)
  v13 (4.49s)
  v14 (8.33s)
  v15 (5.73s)
  v16 (7.29s)
  manifest.json (20 segmenten)

=== 1timotheus 5 stem v (25 verzen) ===
  intro (2.33s)
  h1 kopje (1.37s)
  v1 (4.81s)
  v2 (4.61s)
  h3 kopje (1.33s)
  v3 (2.61s)
  v4 (11.57s)
  v5 (7.93s)
  v6 (3.29s)
  v7 (2.93s)
  v8 (8.13s)
  v9 (6.17s)
  v10 (14.01s)
  v11 (6.53s)
  v12 (4.61s)
  v13 (9.73s)
  v14 (7.89s)
  v15 (3.21s)
  v16 (13.05s)
  h17 kopje (1.17s)
  v17 (6.61s)
  v18 (6.37s)
  v19 (4.89s)
  v20 (5.21s)
  v21 (11.41s)
  v22 (6.17s)
  v23 (6.57s)
  v24 (7.25s)
  v25 (6.45s)
  manifest.json (29 segmenten)

=== 1timotheus 6 stem v (21 verzen) ===
  intro (3.05s)
  h1 kopje (1.81s)
  v1 (8.81s)
  v2 (13.97s)
  h3 kopje (2.17s)
  v3 (8.89s)
  v4 (10.49s)
  v5 (10.25s)
  v6 (3.45s)
  v7 (5.85s)
  v8 (3.81s)
  v9 (10.33s)
  v10 (9.37s)
  h11 kopje (1.69s)
  v11 (9.65s)
  v12 (9.09s)
  v13 (8.41s)
  v14 (5.73s)
  v15 (7.25s)
  v16 (11.21s)
  h17 kopje (1.49s)
  v17 (12.25s)
  v18 (5.85s)
  v19 (7.85s)
  v20 (9.73s)
  v21 (5.29s)
  manifest.json (26 segmenten)

=== 2timotheus 1 stem v (18 verzen) ===
  intro (2.41s)
  h1 kopje (1.49s)
  v1 (7.65s)
  v2 (9.65s)
  v3 (8.97s)
  v4 (7.09s)
  v5 (12.13s)
  h6 kopje (1.89s)
  v6 (7.77s)
  v7 (7.41s)
  v8 (8.57s)
  v9 (11.97s)
  v10 (11.17s)
  v11 (4.93s)
  v12 (13.05s)
  v13 (7.97s)
  v14 (5.77s)
  h15 kopje (2.01s)
  v15 (8.57s)
  v16 (7.37s)
  v17 (5.21s)
  v18 (8.41s)
  manifest.json (22 segmenten)

=== 2timotheus 2 stem v (26 verzen) ===
  intro (2.73s)
  h1 kopje (1.69s)
  v1 (4.57s)
  v2 (7.29s)
  v3 (4.33s)
  v4 (9.37s)
  v5 (4.85s)
  v6 (3.65s)
  v7 (4.77s)
  v8 (7.49s)
  v9 (5.85s)
  v10 (8.73s)
  v11 (5.33s)
  v12 (6.17s)
  v13 (4.57s)
  h14 kopje (2.01s)
  v14 (9.09s)
  v15 (8.57s)
  v16 (5.13s)
  v17 (5.77s)
  v18 (6.53s)
  v19 (11.25s)
  v20 (8.29s)
  v21 (9.37s)
  h22 kopje (1.73s)
  v22 (10.37s)
  v23 (6.57s)
  v24 (7.57s)
  v25 (9.09s)
  v26 (5.97s)
  manifest.json (30 segmenten)

=== 2timotheus 3 stem v (17 verzen) ===
  intro (2.89s)
  h1 kopje (1.73s)
  v1 (4.09s)
  v2 (10.85s)
  v3 (7.25s)
  v4 (6.13s)
  v5 (6.65s)
  v6 (9.25s)
  v7 (5.09s)
  v8 (10.89s)
  v9 (7.09s)
  h10 kopje (1.85s)
  v10 (6.85s)
  v11 (11.53s)
  v12 (5.05s)
  v13 (5.93s)
  v14 (6.69s)
  v15 (7.81s)
  v16 (9.25s)
  v17 (4.97s)
  manifest.json (20 segmenten)

=== 2timotheus 4 stem v (22 verzen) ===
  intro (2.53s)
  h1 kopje (1.21s)
  v1 (8.17s)
  v2 (7.73s)
  v3 (10.37s)
  v4 (4.45s)
  v5 (8.89s)
  h6 kopje (1.53s)
  v6 (4.73s)
  v7 (4.89s)
  v8 (11.61s)
  h9 kopje (1.81s)
  v9 (2.33s)
  v10 (10.53s)
  v11 (6.29s)
  v12 (2.73s)
  v13 (7.85s)
  v14 (5.85s)
  v15 (4.89s)
  v16 (6.89s)
  v17 (12.09s)
  v18 (7.69s)
  v19 (5.81s)
  v20 (5.17s)
  v21 (7.69s)
  v22 (5.57s)
  manifest.json (26 segmenten)

=== titus 1 stem v (16 verzen) ===
  intro (1.97s)
  h1 kopje (1.53s)
  v1 (10.25s)
  v2 (8.69s)
  v3 (11.45s)
  v4 (7.53s)
  h5 kopje (2.37s)
  v5 (11.53s)
  v6 (8.89s)
  v7 (13.29s)
  v8 (5.97s)
  v9 (9.73s)
  h10 kopje (2.13s)
  v10 (6.65s)
  v11 (6.09s)
  v12 (7.57s)
  v13 (5.89s)
  v14 (6.01s)
  v15 (8.53s)
  v16 (9.57s)
  manifest.json (20 segmenten)

=== titus 2 stem v (15 verzen) ===
  intro (2.41s)
  h1 kopje (1.61s)
  v1 (2.65s)
  v2 (7.25s)
  v3 (10.33s)
  v4 (5.69s)
  v5 (9.49s)
  v6 (2.57s)
  v7 (7.73s)
  v8 (8.01s)
  h9 kopje (1.77s)
  v9 (7.61s)
  v10 (7.69s)
  h11 kopje (2.37s)
  v11 (3.81s)
  v12 (10.41s)
  v13 (7.33s)
  v14 (9.97s)
  v15 (5.81s)
  manifest.json (19 segmenten)

=== titus 3 stem v (15 verzen) ===
  intro (1.93s)
  h1 kopje (2.13s)
  v1 (7.41s)
  v2 (7.21s)
  v3 (12.85s)
  h4 kopje (2.73s)
  v4 (6.21s)
  v5 (10.21s)
  v6 (5.09s)
  v7 (7.09s)
  v8 (12.97s)
  h9 kopje (2.25s)
  v9 (7.89s)
  v10 (5.45s)
  v11 (5.85s)
  v12 (8.01s)
  v13 (5.53s)
  v14 (6.09s)
  v15 (7.21s)
  manifest.json (19 segmenten)

=== filemon 1 stem v (25 verzen) ===
  intro (2.57s)
  h1 kopje (2.05s)
  v1 (8.65s)
  v2 (6.85s)
  v3 (5.13s)
  h4 kopje (2.33s)
  v4 (3.57s)
  v5 (6.25s)
  v6 (6.93s)
  v7 (7.05s)
  h8 kopje (1.97s)
  v8 (5.61s)
  v9 (9.01s)
  v10 (4.93s)
  v11 (5.09s)
  v12 (3.57s)
  v13 (5.17s)
  v14 (6.69s)
  v15 (5.73s)
  v16 (10.57s)
  h17 kopje (2.25s)
  v17 (4.29s)
  v18 (4.17s)
  v19 (8.09s)
  v20 (6.41s)
  v21 (6.73s)
  v22 (6.25s)
  h23 kopje (2.05s)
  v23 (3.37s)
  v24 (5.41s)
  v25 (5.13s)
  manifest.json (31 segmenten)

=== hebreeen 1 stem v (14 verzen) ===
  intro (3.85s)
  h1 kopje (1.77s)
  v1 (9.41s)
  v2 (5.29s)
  v3 (17.69s)
  h4 kopje (2.53s)
  v4 (5.17s)
  v5 (10.69s)
  v6 (6.21s)
  v7 (5.85s)
  v8 (7.77s)
  v9 (10.61s)
  v10 (5.97s)
  v11 (5.41s)
  v12 (7.01s)
  v13 (7.93s)
  v14 (7.53s)
  manifest.json (17 segmenten)

=== hebreeen 2 stem v (18 verzen) ===
  intro (2.85s)
  h1 kopje (2.25s)
  v1 (6.05s)
  v2 (7.93s)
  v3 (11.33s)
  v4 (8.09s)
  h5 kopje (2.49s)
  v5 (5.25s)
  v6 (7.85s)
  v7 (8.41s)
  v8 (14.29s)
  v9 (11.61s)
  v10 (12.01s)
  v11 (8.21s)
  v12 (6.29s)
  v13 (8.65s)
  h14 kopje (2.01s)
  v14 (12.73s)
  v15 (6.25s)
  v16 (4.89s)
  v17 (10.89s)
  v18 (6.05s)
  manifest.json (22 segmenten)

=== hebreeen 3 stem v (19 verzen) ===
  intro (2.25s)
  h1 kopje (1.65s)
  v1 (8.81s)
  v2 (6.29s)
  v3 (8.37s)
  v4 (5.21s)
  v5 (7.97s)
  v6 (9.69s)
  h7 kopje (1.85s)
  v7 (4.49s)
  v8 (6.13s)
  v9 (6.61s)
  v10 (7.45s)
  v11 (4.09s)
  v12 (7.49s)
  v13 (7.65s)
  v14 (7.45s)
  v15 (7.69s)
  v16 (7.21s)
  v17 (8.29s)
  v18 (7.41s)
  v19 (4.13s)
  manifest.json (22 segmenten)

=== hebreeen 4 stem v (16 verzen) ===
  intro (2.01s)
  h1 kopje (2.37s)
  v1 (8.73s)
  v2 (10.69s)
  v3 (12.81s)
  v4 (7.33s)
  v5 (3.93s)
  v6 (9.25s)
  v7 (12.01s)
  v8 (5.73s)
  v9 (2.89s)
  v10 (5.73s)
  v11 (6.97s)
  h12 kopje (2.85s)
  v12 (16.17s)
  v13 (7.69s)
  v14 (9.61s)
  v15 (9.85s)
  v16 (10.65s)
  manifest.json (19 segmenten)

=== hebreeen 5 stem v (14 verzen) ===
  intro (2.53s)
  h1 kopje (2.45s)
  v1 (10.33s)
  v2 (6.17s)
  v3 (5.81s)
  v4 (4.57s)
  v5 (10.13s)
  v6 (6.41s)
  v7 (11.53s)
  v8 (5.21s)
  v9 (6.53s)
  v10 (4.29s)
  h11 kopje (2.21s)
  v11 (7.25s)
  v12 (13.29s)
  v13 (6.81s)
  v14 (8.29s)
  manifest.json (17 segmenten)

=== hebreeen 6 stem v (20 verzen) ===
  intro (2.41s)
  h1 kopje (1.57s)
  v1 (11.17s)
  v2 (7.17s)
  v3 (2.65s)
  v4 (9.01s)
  v5 (4.29s)
  v6 (9.29s)
  v7 (10.97s)
  v8 (7.09s)
  h9 kopje (2.45s)
  v9 (7.17s)
  v10 (10.45s)
  v11 (7.29s)
  v12 (6.69s)
  v13 (7.57s)
  v14 (7.01s)
  v15 (3.81s)
  v16 (7.25s)
  v17 (8.25s)
  v18 (11.77s)
  v19 (7.29s)
  v20 (8.65s)
  manifest.json (23 segmenten)

=== hebreeen 7 stem v (28 verzen) ===
  intro (2.21s)
  h1 kopje (1.49s)
  v1 (10.77s)
  v2 (10.89s)
  v3 (12.25s)
  v4 (7.33s)
Traceback (most recent call last):
  File "/home/maarten/Documents/GitHub/website-open-bijbelvertaling/.venv-higgs-v3/lib/python3.12/site-packages/urllib3/connectionpool.py", line 534, in _make_request
    response = conn.getresponse()
               ^^^^^^^^^^^^^^^^^^
  File "/home/maarten/Documents/GitHub/website-open-bijbelvertaling/.venv-higgs-v3/lib/python3.12/site-packages/urllib3/connection.py", line 571, in getresponse
    httplib_response = super().getresponse()
                       ^^^^^^^^^^^^^^^^^^^^^
  File "/usr/lib/python3.12/http/client.py", line 1457, in getresponse
    response.begin()
  File "/usr/lib/python3.12/http/client.py", line 336, in begin
    version, status, reason = self._read_status()
                              ^^^^^^^^^^^^^^^^^^^
  File "/usr/lib/python3.12/http/client.py", line 297, in _read_status
    line = str(self.fp.readline(_MAXLINE + 1), "iso-8859-1")
               ^^^^^^^^^^^^^^^^^^^^^^^^^^^^^^
  File "/usr/lib/python3.12/socket.py", line 707, in readinto
    return self._sock.recv_into(b)
           ^^^^^^^^^^^^^^^^^^^^^^^
TimeoutError: timed out

The above exception was the direct cause of the following exception:

Traceback (most recent call last):
  File "/home/maarten/Documents/GitHub/website-open-bijbelvertaling/.venv-higgs-v3/lib/python3.12/site-packages/requests/adapters.py", line 696, in send
    resp = conn.urlopen(
           ^^^^^^^^^^^^^
  File "/home/maarten/Documents/GitHub/website-open-bijbelvertaling/.venv-higgs-v3/lib/python3.12/site-packages/urllib3/connectionpool.py", line 842, in urlopen
    retries = retries.increment(
              ^^^^^^^^^^^^^^^^^^
  File "/home/maarten/Documents/GitHub/website-open-bijbelvertaling/.venv-higgs-v3/lib/python3.12/site-packages/urllib3/util/retry.py", line 498, in increment
    raise reraise(type(error), error, _stacktrace)
          ^^^^^^^^^^^^^^^^^^^^^^^^^^^^^^^^^^^^^^^^
  File "/home/maarten/Documents/GitHub/website-open-bijbelvertaling/.venv-higgs-v3/lib/python3.12/site-packages/urllib3/util/util.py", line 39, in reraise
    raise value
  File "/home/maarten/Documents/GitHub/website-open-bijbelvertaling/.venv-higgs-v3/lib/python3.12/site-packages/urllib3/connectionpool.py", line 788, in urlopen
    response = self._make_request(
               ^^^^^^^^^^^^^^^^^^^
  File "/home/maarten/Documents/GitHub/website-open-bijbelvertaling/.venv-higgs-v3/lib/python3.12/site-packages/urllib3/connectionpool.py", line 536, in _make_request
    self._raise_timeout(err=e, url=url, timeout_value=read_timeout)
  File "/home/maarten/Documents/GitHub/website-open-bijbelvertaling/.venv-higgs-v3/lib/python3.12/site-packages/urllib3/connectionpool.py", line 367, in _raise_timeout
    raise ReadTimeoutError(
urllib3.exceptions.ReadTimeoutError: HTTPConnectionPool(host='127.0.0.1', port=8765): Read timed out. (read timeout=120)

During handling of the above exception, another exception occurred:

Traceback (most recent call last):
  File "<frozen runpy>", line 198, in _run_module_as_main
  File "<frozen runpy>", line 88, in _run_code
  File "/home/maarten/Documents/GitHub/website-open-bijbelvertaling/scripts/tts/generate_chunks.py", line 256, in <module>
    main()
  File "/home/maarten/Documents/GitHub/website-open-bijbelvertaling/scripts/tts/generate_chunks.py", line 244, in main
    generate_chapter(book, ch, args.voice, ref_audio, ref_text, args.force)
  File "/home/maarten/Documents/GitHub/website-open-bijbelvertaling/scripts/tts/generate_chunks.py", line 184, in generate_chapter
    d = synth(raw, outdir / f, ref_audio, ref_text)
        ^^^^^^^^^^^^^^^^^^^^^^^^^^^^^^^^^^^^^^^^^^^
  File "/home/maarten/Documents/GitHub/website-open-bijbelvertaling/scripts/tts/generate_chunks.py", line 115, in synth
    resp = requests.post(url, json=payload, headers={"Content-Type": "application/json"},
           ^^^^^^^^^^^^^^^^^^^^^^^^^^^^^^^^^^^^^^^^^^^^^^^^^^^^^^^^^^^^^^^^^^^^^^^^^^^^^^
  File "/home/maarten/Documents/GitHub/website-open-bijbelvertaling/.venv-higgs-v3/lib/python3.12/site-packages/requests/api.py", line 134, in post
    return request("post", url, data=data, json=json, **kwargs)
           ^^^^^^^^^^^^^^^^^^^^^^^^^^^^^^^^^^^^^^^^^^^^^^^^^^^^
  File "/home/maarten/Documents/GitHub/website-open-bijbelvertaling/.venv-higgs-v3/lib/python3.12/site-packages/requests/api.py", line 71, in request
    return session.request(method=method, url=url, **kwargs)
           ^^^^^^^^^^^^^^^^^^^^^^^^^^^^^^^^^^^^^^^^^^^^^^^^^
  File "/home/maarten/Documents/GitHub/website-open-bijbelvertaling/.venv-higgs-v3/lib/python3.12/site-packages/requests/sessions.py", line 651, in request
    resp = self.send(prep, **send_kwargs)
           ^^^^^^^^^^^^^^^^^^^^^^^^^^^^^^
  File "/home/maarten/Documents/GitHub/website-open-bijbelvertaling/.venv-higgs-v3/lib/python3.12/site-packages/requests/sessions.py", line 784, in send
    r = adapter.send(request, **kwargs)
        ^^^^^^^^^^^^^^^^^^^^^^^^^^^^^^^
  File "/home/maarten/Documents/GitHub/website-open-bijbelvertaling/.venv-higgs-v3/lib/python3.12/site-packages/requests/adapters.py", line 742, in send
    raise ReadTimeout(e, request=request)
requests.exceptions.ReadTimeout: HTTPConnectionPool(host='127.0.0.1', port=8765): Read timed out. (read timeout=120)
[sup] NT/v: 210/260 (04:16)
Server starten: /home/maarten/Documents/GitHub/website-open-bijbelvertaling/.venv-higgs-v3/bin/sgl-omni serve --model-path bosonai/higgs-audio-v3-tts-4b --port 8765 --host 127.0.0.1 --model-name higgs-audio-v3-tts
Wachten op server (max 360s)...
[server] WARNING:sglang_omni.models.higgs_tts._vendored.higgs_audio_v2_tokenizer_hf:Could not determine semantic model type from config architecture. Defaulting to `HubertConfig`.
[server] WARNING:sglang.srt.models.registry:Ignore import error when loading sglang.srt.models.glmasr: cannot import name 'GlmAsrConfig' from 'transformers' (/home/maarten/Documents/GitHub/website-open-bijbelvertaling/.venv-higgs-v3/lib/python3.12/site-packages/transformers/__init__.py)
[server] [Gloo] Rank 0 is connected to 0 peer ranks. Expected number of connected peer ranks is : 0
[server] [Gloo] Rank 0 is connected to 0 peer ranks. Expected number of connected peer ranks is : 0
[server] [Gloo] Rank 0 is connected to 0 peer ranks. Expected number of connected peer ranks is : 0
Server luistert op poort.
  overslaan (up-to-date): mattheus 1 v
  overslaan (up-to-date): mattheus 2 v
  overslaan (up-to-date): mattheus 3 v
  overslaan (up-to-date): mattheus 4 v
  overslaan (up-to-date): mattheus 5 v
  overslaan (up-to-date): mattheus 6 v
  overslaan (up-to-date): mattheus 7 v
  overslaan (up-to-date): mattheus 8 v
  overslaan (up-to-date): mattheus 9 v
  overslaan (up-to-date): mattheus 10 v
  overslaan (up-to-date): mattheus 11 v
  overslaan (up-to-date): mattheus 12 v
  overslaan (up-to-date): mattheus 13 v
  overslaan (up-to-date): mattheus 14 v
  overslaan (up-to-date): mattheus 15 v
  overslaan (up-to-date): mattheus 16 v
  overslaan (up-to-date): mattheus 17 v
  overslaan (up-to-date): mattheus 18 v
  overslaan (up-to-date): mattheus 19 v
  overslaan (up-to-date): mattheus 20 v
  overslaan (up-to-date): mattheus 21 v
  overslaan (up-to-date): mattheus 22 v
  overslaan (up-to-date): mattheus 23 v
  overslaan (up-to-date): mattheus 24 v
  overslaan (up-to-date): mattheus 25 v
  overslaan (up-to-date): mattheus 26 v
  overslaan (up-to-date): mattheus 27 v
  overslaan (up-to-date): mattheus 28 v
  overslaan (up-to-date): markus 1 v
  overslaan (up-to-date): markus 2 v
  overslaan (up-to-date): markus 3 v
  overslaan (up-to-date): markus 4 v
  overslaan (up-to-date): markus 5 v
  overslaan (up-to-date): markus 6 v
  overslaan (up-to-date): markus 7 v
  overslaan (up-to-date): markus 8 v
  overslaan (up-to-date): markus 9 v
  overslaan (up-to-date): markus 10 v
  overslaan (up-to-date): markus 11 v
  overslaan (up-to-date): markus 12 v
  overslaan (up-to-date): markus 13 v
  overslaan (up-to-date): markus 14 v
  overslaan (up-to-date): markus 15 v
  overslaan (up-to-date): markus 16 v
  overslaan (up-to-date): lukas 1 v
  overslaan (up-to-date): lukas 2 v
  overslaan (up-to-date): lukas 3 v
  overslaan (up-to-date): lukas 4 v
  overslaan (up-to-date): lukas 5 v
  overslaan (up-to-date): lukas 6 v
  overslaan (up-to-date): lukas 7 v
  overslaan (up-to-date): lukas 8 v
  overslaan (up-to-date): lukas 9 v
  overslaan (up-to-date): lukas 10 v
  overslaan (up-to-date): lukas 11 v
  overslaan (up-to-date): lukas 12 v
  overslaan (up-to-date): lukas 13 v
  overslaan (up-to-date): lukas 14 v
  overslaan (up-to-date): lukas 15 v
  overslaan (up-to-date): lukas 16 v
  overslaan (up-to-date): lukas 17 v
  overslaan (up-to-date): lukas 18 v
  overslaan (up-to-date): lukas 19 v
  overslaan (up-to-date): lukas 20 v
  overslaan (up-to-date): lukas 21 v
  overslaan (up-to-date): lukas 22 v
  overslaan (up-to-date): lukas 23 v
  overslaan (up-to-date): lukas 24 v
  overslaan (up-to-date): johannes 1 v
  overslaan (up-to-date): johannes 2 v
  overslaan (up-to-date): johannes 3 v
  overslaan (up-to-date): johannes 4 v
  overslaan (up-to-date): johannes 5 v
  overslaan (up-to-date): johannes 6 v
  overslaan (up-to-date): johannes 7 v
  overslaan (up-to-date): johannes 8 v
  overslaan (up-to-date): johannes 9 v
  overslaan (up-to-date): johannes 10 v
  overslaan (up-to-date): johannes 11 v
  overslaan (up-to-date): johannes 12 v
  overslaan (up-to-date): johannes 13 v
  overslaan (up-to-date): johannes 14 v
  overslaan (up-to-date): johannes 15 v
  overslaan (up-to-date): johannes 16 v
  overslaan (up-to-date): johannes 17 v
  overslaan (up-to-date): johannes 18 v
  overslaan (up-to-date): johannes 19 v
  overslaan (up-to-date): johannes 20 v
  overslaan (up-to-date): johannes 21 v
  overslaan (up-to-date): handelingen 1 v
  overslaan (up-to-date): handelingen 2 v
  overslaan (up-to-date): handelingen 3 v
  overslaan (up-to-date): handelingen 4 v
  overslaan (up-to-date): handelingen 5 v
  overslaan (up-to-date): handelingen 6 v
  overslaan (up-to-date): handelingen 7 v
  overslaan (up-to-date): handelingen 8 v
  overslaan (up-to-date): handelingen 9 v
  overslaan (up-to-date): handelingen 10 v
  overslaan (up-to-date): handelingen 11 v
  overslaan (up-to-date): handelingen 12 v
  overslaan (up-to-date): handelingen 13 v
  overslaan (up-to-date): handelingen 14 v
  overslaan (up-to-date): handelingen 15 v
  overslaan (up-to-date): handelingen 16 v
  overslaan (up-to-date): handelingen 17 v
  overslaan (up-to-date): handelingen 18 v
  overslaan (up-to-date): handelingen 19 v
  overslaan (up-to-date): handelingen 20 v
  overslaan (up-to-date): handelingen 21 v
  overslaan (up-to-date): handelingen 22 v
  overslaan (up-to-date): handelingen 23 v
  overslaan (up-to-date): handelingen 24 v
  overslaan (up-to-date): handelingen 25 v
  overslaan (up-to-date): handelingen 26 v
  overslaan (up-to-date): handelingen 27 v
  overslaan (up-to-date): handelingen 28 v
  overslaan (up-to-date): romeinen 1 v
  overslaan (up-to-date): romeinen 2 v
  overslaan (up-to-date): romeinen 3 v
  overslaan (up-to-date): romeinen 4 v
  overslaan (up-to-date): romeinen 5 v
  overslaan (up-to-date): romeinen 6 v
  overslaan (up-to-date): romeinen 7 v
  overslaan (up-to-date): romeinen 8 v
  overslaan (up-to-date): romeinen 9 v
  overslaan (up-to-date): romeinen 10 v
  overslaan (up-to-date): romeinen 11 v
  overslaan (up-to-date): romeinen 12 v
  overslaan (up-to-date): romeinen 13 v
  overslaan (up-to-date): romeinen 14 v
  overslaan (up-to-date): romeinen 15 v
  overslaan (up-to-date): romeinen 16 v
  overslaan (up-to-date): 1korinthiers 1 v
  overslaan (up-to-date): 1korinthiers 2 v
  overslaan (up-to-date): 1korinthiers 3 v
  overslaan (up-to-date): 1korinthiers 4 v
  overslaan (up-to-date): 1korinthiers 5 v
  overslaan (up-to-date): 1korinthiers 6 v
  overslaan (up-to-date): 1korinthiers 7 v
  overslaan (up-to-date): 1korinthiers 8 v
  overslaan (up-to-date): 1korinthiers 9 v
  overslaan (up-to-date): 1korinthiers 10 v
  overslaan (up-to-date): 1korinthiers 11 v
  overslaan (up-to-date): 1korinthiers 12 v
  overslaan (up-to-date): 1korinthiers 13 v
  overslaan (up-to-date): 1korinthiers 14 v
  overslaan (up-to-date): 1korinthiers 15 v
  overslaan (up-to-date): 1korinthiers 16 v
  overslaan (up-to-date): 2korinthiers 1 v
  overslaan (up-to-date): 2korinthiers 2 v
  overslaan (up-to-date): 2korinthiers 3 v
  overslaan (up-to-date): 2korinthiers 4 v
  overslaan (up-to-date): 2korinthiers 5 v
  overslaan (up-to-date): 2korinthiers 6 v
  overslaan (up-to-date): 2korinthiers 7 v
  overslaan (up-to-date): 2korinthiers 8 v
  overslaan (up-to-date): 2korinthiers 9 v
  overslaan (up-to-date): 2korinthiers 10 v
  overslaan (up-to-date): 2korinthiers 11 v
  overslaan (up-to-date): 2korinthiers 12 v
  overslaan (up-to-date): 2korinthiers 13 v
  overslaan (up-to-date): galaten 1 v
  overslaan (up-to-date): galaten 2 v
  overslaan (up-to-date): galaten 3 v
  overslaan (up-to-date): galaten 4 v
  overslaan (up-to-date): galaten 5 v
  overslaan (up-to-date): galaten 6 v
  overslaan (up-to-date): efeziers 1 v
  overslaan (up-to-date): efeziers 2 v
  overslaan (up-to-date): efeziers 3 v
  overslaan (up-to-date): efeziers 4 v
  overslaan (up-to-date): efeziers 5 v
  overslaan (up-to-date): efeziers 6 v
  overslaan (up-to-date): filippenzen 1 v
  overslaan (up-to-date): filippenzen 2 v
  overslaan (up-to-date): filippenzen 3 v
  overslaan (up-to-date): filippenzen 4 v
  overslaan (up-to-date): kolossenzen 1 v
  overslaan (up-to-date): kolossenzen 2 v
  overslaan (up-to-date): kolossenzen 3 v
  overslaan (up-to-date): kolossenzen 4 v
  overslaan (up-to-date): 1tessalonicensen 1 v
  overslaan (up-to-date): 1tessalonicensen 2 v
  overslaan (up-to-date): 1tessalonicensen 3 v
  overslaan (up-to-date): 1tessalonicensen 4 v
  overslaan (up-to-date): 1tessalonicensen 5 v
  overslaan (up-to-date): 2tessalonicensen 1 v
  overslaan (up-to-date): 2tessalonicensen 2 v
  overslaan (up-to-date): 2tessalonicensen 3 v
  overslaan (up-to-date): 1timotheus 1 v
  overslaan (up-to-date): 1timotheus 2 v
  overslaan (up-to-date): 1timotheus 3 v
  overslaan (up-to-date): 1timotheus 4 v
  overslaan (up-to-date): 1timotheus 5 v
  overslaan (up-to-date): 1timotheus 6 v
  overslaan (up-to-date): 2timotheus 1 v
  overslaan (up-to-date): 2timotheus 2 v
  overslaan (up-to-date): 2timotheus 3 v
  overslaan (up-to-date): 2timotheus 4 v
  overslaan (up-to-date): titus 1 v
  overslaan (up-to-date): titus 2 v
  overslaan (up-to-date): titus 3 v
  overslaan (up-to-date): filemon 1 v
  overslaan (up-to-date): hebreeen 1 v
  overslaan (up-to-date): hebreeen 2 v
  overslaan (up-to-date): hebreeen 3 v
  overslaan (up-to-date): hebreeen 4 v
  overslaan (up-to-date): hebreeen 5 v
  overslaan (up-to-date): hebreeen 6 v

=== hebreeen 7 stem v (28 verzen) ===
  intro (2.45s)
  h1 kopje (2.61s)
  v1 (10.29s)
  v2 (10.97s)
  v3 (11.81s)
  v4 (7.25s)
  v5 (11.05s)
  v6 (9.05s)
  v7 (5.61s)
  v8 (6.49s)
  v9 (6.05s)
  v10 (4.33s)
  h11 kopje (2.77s)
  v11 (14.09s)
  v12 (4.77s)
  v13 (6.89s)
  v14 (7.45s)
  v15 (5.65s)
  v16 (6.05s)
  v17 (5.25s)
  v18 (5.21s)
  v19 (5.69s)
  h20 kopje (3.69s)
  v20 (5.61s)
  v21 (12.17s)
  v22 (3.25s)
  v23 (5.89s)
  v24 (4.77s)
  v25 (6.85s)
  v26 (9.33s)
  v27 (12.93s)
  v28 (10.57s)
  manifest.json (32 segmenten)

=== hebreeen 8 stem v (13 verzen) ===
  intro (2.53s)
  h1 kopje (2.13s)
  v1 (9.25s)
  v2 (6.37s)
  v3 (9.45s)
  v4 (6.81s)
  v5 (14.33s)
  v6 (8.37s)
  h7 kopje (1.73s)
  v7 (5.85s)
  v8 (11.29s)
  v9 (14.45s)
  v10 (13.81s)
  v11 (10.73s)
  v12 (7.53s)
  v13 (8.01s)
  manifest.json (16 segmenten)

=== hebreeen 9 stem v (28 verzen) ===
  intro (2.25s)
  h1 kopje (2.13s)
  v1 (5.01s)
  v2 (9.09s)
  v3 (5.01s)
  v4 (13.41s)
  v5 (8.61s)
  v6 (7.97s)
  v7 (9.29s)
  v8 (7.85s)
  v9 (10.29s)
  v10 (8.97s)
  h11 kopje (2.57s)
  v11 (10.53s)
  v12 (8.61s)
  v13 (8.17s)
  v14 (10.77s)
  h15 kopje (1.81s)
  v15 (14.73s)
  v16 (5.73s)
  v17 (6.05s)
  v18 (3.01s)
  v19 (13.41s)
  v20 (4.49s)
  v21 (5.45s)
  v22 (5.81s)
  v23 (11.29s)
  v24 (10.69s)
  v25 (8.21s)
  v26 (11.09s)
  v27 (4.49s)
  v28 (10.37s)
  manifest.json (32 segmenten)

=== hebreeen 10 stem v (39 verzen) ===
  intro (2.13s)
  h1 kopje (2.05s)
  v1 (12.61s)
  v2 (10.69s)
  v3 (3.17s)
  v4 (4.29s)
  v5 (8.17s)
  v6 (3.37s)
  v7 (7.61s)
  v8 (10.81s)
  v9 (7.25s)
  v10 (6.05s)
  v11 (7.37s)
  v12 (6.89s)
  v13 (4.89s)
  v14 (4.73s)
  v15 (2.09s)
  v16 (11.85s)
  v17 (4.09s)
  v18 (3.89s)
  h19 kopje (2.49s)
  v19 (5.77s)
  v20 (6.85s)
  v21 (3.17s)
  v22 (11.05s)
  v23 (5.37s)
  v24 (4.69s)
  v25 (10.05s)
  h26 kopje (1.97s)
  v26 (7.17s)
  v27 (5.93s)
  v28 (6.49s)
  v29 (12.81s)
  v30 (9.89s)
  v31 (2.93s)
  h32 kopje (1.85s)
  v32 (6.93s)
  v33 (9.49s)
  v34 (9.93s)
  v35 (4.49s)
  v36 (6.81s)
  v37 (7.29s)
  v38 (6.89s)
  v39 (6.81s)
  manifest.json (44 segmenten)

=== hebreeen 11 stem v (40 verzen) ===
  intro (2.57s)
  h1 kopje (1.53s)
  v1 (6.13s)
  v2 (2.73s)
  v3 (8.93s)
  h4 kopje (2.37s)
  v4 (15.33s)
  v5 (13.41s)
  v6 (9.61s)
  v7 (17.65s)
  h8 kopje (2.41s)
  v8 (11.77s)
  v9 (10.41s)
  v10 (6.05s)
  v11 (10.25s)
  v12 (10.65s)
  v13 (13.09s)
  v14 (4.89s)
  v15 (6.93s)
  v16 (10.65s)
  v17 (9.01s)
  v18 (8.37s)
  v19 (3.25s)
  v20 (5.21s)
  v21 (8.01s)
  v22 (7.77s)
  h23 kopje (2.17s)
  v23 (10.89s)
  v24 (6.41s)
  v25 (6.61s)
  v26 (8.33s)
  v27 (7.93s)
  v28 (7.57s)
  v29 (7.13s)
  v30 (5.69s)
  v31 (6.81s)
  h32 kopje (2.37s)
  v32 (10.69s)
  v33 (8.21s)
  v34 (11.73s)
  v35 (10.33s)
  v36 (4.69s)
  v37 (11.33s)
  v38 (7.37s)
  v39 (4.89s)
  v40 (5.29s)
  manifest.json (46 segmenten)

=== hebreeen 12 stem v (29 verzen) ===
  intro (2.21s)
  h1 kopje (3.01s)
  v1 (14.09s)
  v2 (13.77s)
  v3 (8.29s)
  h4 kopje (2.21s)
  v4 (4.25s)
  v5 (10.37s)
  v6 (5.65s)
  v7 (7.33s)
  v8 (6.61s)
  v9 (9.57s)
  v10 (9.85s)
  v11 (11.45s)
  v12 (3.17s)
  v13 (7.13s)
  h14 kopje (1.85s)
  v14 (5.41s)
  v15 (11.09s)
  v16 (8.17s)
  v17 (9.57s)
  h18 kopje (2.57s)
  v18 (7.13s)
  v19 (8.45s)
  v20 (7.97s)
  v21 (5.53s)
  v22 (7.77s)
  v23 (10.73s)
  v24 (6.93s)
  v25 (15.81s)
  v26 (8.01s)
  v27 (9.69s)
  v28 (10.01s)
  v29 (2.09s)
  manifest.json (34 segmenten)

=== hebreeen 13 stem v (25 verzen) ===
  intro (2.17s)
  h1 kopje (2.25s)
  v1 (1.65s)
  v2 (5.49s)
  v3 (9.41s)
  v4 (6.57s)
  v5 (8.89s)
  v6 (6.61s)
  h7 kopje (2.01s)
  v7 (8.45s)
  v8 (4.29s)
  v9 (11.89s)
  v10 (4.93s)
  v11 (8.05s)
  v12 (5.93s)
  v13 (4.73s)
  v14 (3.57s)
  v15 (8.17s)
  v16 (6.53s)
  v17 (13.29s)
  v18 (6.21s)
  v19 (5.09s)
  h20 kopje (2.01s)
  v20 (10.49s)
  v21 (12.57s)
  v22 (5.73s)
  v23 (6.77s)
  v24 (5.21s)
  v25 (1.45s)
  manifest.json (29 segmenten)

=== jakobus 1 stem v (27 verzen) ===
  intro (2.45s)
  h1 kopje (2.01s)
  v1 (7.61s)
  v2 (4.37s)
  v3 (3.81s)
  v4 (6.81s)
  h5 kopje (1.93s)
  v5 (8.49s)
  v6 (10.65s)
  v7 (3.65s)
  v8 (3.13s)
  h9 kopje (2.85s)
  v9 (3.77s)
  v10 (4.41s)
  v11 (11.13s)
  h12 kopje (1.73s)
  v12 (10.33s)
  v13 (8.17s)
  v14 (5.37s)
  v15 (5.53s)
  v16 (2.01s)
  v17 (9.45s)
  v18 (7.57s)
  h19 kopje (2.93s)
  v19 (6.81s)
  v20 (2.89s)
  v21 (11.17s)
  v22 (5.53s)
  v23 (8.33s)
  v24 (5.57s)
  v25 (13.45s)
  h26 kopje (1.69s)
  v26 (8.05s)
  v27 (9.45s)
  manifest.json (34 segmenten)

=== jakobus 2 stem v (26 verzen) ===
  intro (2.21s)
  h1 kopje (2.21s)
  v1 (7.09s)
  v2 (8.49s)
  v3 (11.61s)
  v4 (5.61s)
  v5 (11.33s)
  v6 (6.01s)
  v7 (3.09s)
  h8 kopje (2.41s)
  v8 (6.73s)
  v9 (5.21s)
  v10 (5.41s)
  v11 (11.53s)
  v12 (4.93s)
  v13 (8.89s)
  h14 kopje (1.89s)
  v14 (8.57s)
  v15 (5.09s)
  v16 (9.93s)
  v17 (4.33s)
  v18 (9.37s)
  v19 (6.29s)
  v20 (4.85s)
  v21 (7.01s)
  v22 (6.49s)
  v23 (10.45s)
  v24 (5.33s)
  v25 (8.85s)
  v26 (4.93s)
  manifest.json (30 segmenten)

=== jakobus 3 stem v (18 verzen) ===
  intro (2.41s)
  h1 kopje (1.17s)
  v1 (5.41s)
  v2 (8.61s)
  v3 (7.25s)
  v4 (10.01s)
  v5 (8.17s)
  v6 (11.69s)
  v7 (10.33s)
  v8 (6.01s)
  v9 (6.97s)
  v10 (5.93s)
  v11 (4.73s)
  v12 (8.45s)
  h13 kopje (3.17s)
  v13 (6.77s)
  v14 (5.97s)
  v15 (5.77s)
  v16 (5.01s)
  v17 (14.25s)
  v18 (4.61s)
  manifest.json (21 segmenten)

=== jakobus 4 stem v (17 verzen) ===
  intro (2.53s)
  h1 kopje (3.17s)
  v1 (8.45s)
  v2 (10.29s)
  v3 (5.81s)
  v4 (11.53s)
  v5 (6.21s)
  v6 (8.89s)
  h7 kopje (1.45s)
  v7 (4.73s)
  v8 (8.93s)
  v9 (7.61s)
  v10 (3.69s)
  h11 kopje (1.57s)
  v11 (14.81s)
  v12 (6.61s)
  h13 kopje (2.33s)
  v13 (9.05s)
  v14 (9.05s)
  v15 (5.89s)
  v16 (4.37s)
  v17 (3.89s)
  manifest.json (22 segmenten)

=== jakobus 5 stem v (20 verzen) ===
  intro (2.45s)
  h1 kopje (2.37s)
  v1 (5.25s)
  v2 (4.17s)
  v3 (10.29s)
  v4 (13.13s)
  v5 (6.89s)
  v6 (4.73s)
  h7 kopje (2.13s)
  v7 (12.73s)
  v8 (4.61s)
  v9 (6.93s)
  v10 (7.17s)
  v11 (11.41s)
  h12 kopje (2.61s)
  v12 (12.17s)
  v13 (5.49s)
  v14 (8.97s)
  v15 (7.81s)
  v16 (7.53s)
  v17 (8.85s)
  v18 (5.09s)
  h19 kopje (1.73s)
  v19 (4.93s)
  v20 (9.05s)
  manifest.json (25 segmenten)

=== 1petrus 1 stem v (25 verzen) ===
  intro (2.21s)
  h1 kopje (2.21s)
  v1 (9.53s)
  v2 (11.81s)
  h3 kopje (2.17s)
  v3 (11.61s)
  v4 (6.49s)
  v5 (7.97s)
  v6 (6.97s)
  v7 (13.93s)
  v8 (9.69s)
  v9 (4.53s)
  v10 (6.85s)
  v11 (12.65s)
  v12 (15.53s)
  h13 kopje (1.85s)
  v13 (10.17s)
  v14 (6.25s)
  v15 (5.97s)
  v16 (4.29s)
  v17 (8.77s)
  v18 (8.29s)
  v19 (4.93s)
  v20 (7.13s)
  v21 (8.81s)
  h22 kopje (2.21s)
  v22 (10.77s)
  v23 (8.61s)
  v24 (8.69s)
  v25 (5.53s)
  manifest.json (30 segmenten)

=== 1petrus 2 stem v (25 verzen) ===
  intro (2.21s)
  h1 kopje (2.53s)
  v1 (6.73s)
  v2 (7.33s)
  v3 (3.21s)
  v4 (6.65s)
  v5 (12.25s)
  v6 (10.65s)
  v7 (14.17s)
  v8 (5.97s)
  v9 (13.73s)
  v10 (7.85s)
  h11 kopje (1.65s)
  v11 (8.13s)
  v12 (11.37s)
  v13 (6.77s)
  v14 (7.69s)
  v15 (6.45s)
  v16 (5.81s)
  v17 (4.13s)
  h18 kopje (2.89s)
  v18 (6.61s)
  v19 (5.73s)
  v20 (11.21s)
  v21 (8.41s)
  v22 (3.93s)
  v23 (8.89s)
  v24 (10.73s)
  v25 (5.41s)
  manifest.json (29 segmenten)

=== 1petrus 3 stem v (22 verzen) ===
  intro (2.69s)
  h1 kopje (1.93s)
  v1 (10.73s)
  v2 (3.49s)
  v3 (7.89s)
  v4 (7.41s)
  v5 (6.53s)
  v6 (9.69s)
  v7 (13.89s)
  h8 kopje (1.61s)
  v8 (8.73s)
  v9 (9.29s)
  v10 (7.81s)
  v11 (5.45s)
  v12 (8.29s)
  v13 (4.29s)
  v14 (7.73s)
  v15 (11.77s)
  v16 (9.13s)
  v17 (6.29s)
  v18 (11.33s)
  v19 (6.09s)
  v20 (11.85s)
  v21 (12.17s)
  v22 (7.69s)
  manifest.json (25 segmenten)

=== 1petrus 4 stem v (19 verzen) ===
  intro (2.53s)
  h1 kopje (2.17s)
  v1 (9.97s)
  v2 (7.41s)
  v3 (13.61s)
  v4 (6.49s)
  v5 (6.37s)
  v6 (9.57s)
  h7 kopje (1.69s)
  v7 (4.81s)
  v8 (5.09s)
  v9 (3.01s)
  v10 (8.81s)
  v11 (15.41s)
  h12 kopje (1.93s)
  v12 (8.65s)
  v13 (8.81s)
  v14 (13.69s)
  v15 (7.37s)
  v16 (5.29s)
  v17 (10.85s)
  v18 (5.17s)
  v19 (7.33s)
  manifest.json (23 segmenten)

=== 1petrus 5 stem v (14 verzen) ===
  intro (2.33s)
  h1 kopje (2.05s)
  v1 (10.85s)
  v2 (10.41s)
  v3 (5.49s)
  v4 (5.77s)
  v5 (11.77s)
  h6 kopje (2.33s)
  v6 (4.97s)
  v7 (3.17s)
  v8 (8.73s)
  v9 (8.53s)
  v10 (12.01s)
  v11 (3.93s)
  h12 kopje (1.17s)
  v12 (12.09s)
  v13 (5.41s)
  v14 (5.85s)
  manifest.json (18 segmenten)

=== 2petrus 1 stem v (21 verzen) ===
  intro (3.05s)
  h1 kopje (1.85s)
  v1 (12.21s)
  v2 (5.97s)
  v3 (11.37s)
  v4 (11.81s)
  h5 kopje (2.45s)
  v5 (6.57s)
  v6 (5.81s)
  v7 (5.41s)
  v8 (9.17s)
  v9 (7.73s)
  v10 (7.25s)
  v11 (7.81s)
  h12 kopje (4.05s)
  v12 (6.57s)
  v13 (5.57s)
  v14 (6.89s)
  v15 (5.49s)
  v16 (11.05s)
  v17 (12.25s)
  v18 (6.89s)
  h19 kopje (2.09s)
  v19 (14.25s)
  v20 (4.45s)
  v21 (9.33s)
  manifest.json (26 segmenten)

=== 2petrus 2 stem v (22 verzen) ===
  intro (2.81s)
  h1 kopje (2.25s)
  v1 (15.77s)
  v2 (5.61s)
  v3 (9.81s)
  h4 kopje (2.85s)
  v4 (11.69s)
  v5 (10.65s)
  v6 (8.49s)
  v7 (6.29s)
  v8 (8.69s)
  v9 (7.69s)
  h10 kopje (2.37s)
  v10 (10.77s)
  v11 (6.53s)
  v12 (11.73s)
  v13 (10.85s)
  v14 (10.85s)
  v15 (9.69s)
  v16 (9.53s)
  h17 kopje (2.97s)
  v17 (8.05s)
  v18 (11.97s)
  v19 (8.97s)
  v20 (13.89s)
  v21 (11.09s)
  v22 (9.61s)
  manifest.json (27 segmenten)

=== 2petrus 3 stem v (18 verzen) ===
  intro (2.65s)
  h1 kopje (1.73s)
  v1 (7.73s)
  v2 (8.89s)
  v3 (6.65s)
  v4 (9.53s)
  v5 (8.77s)
  v6 (5.41s)
  v7 (11.65s)
  h8 kopje (2.41s)
  v8 (8.93s)
  v9 (11.01s)
  v10 (13.05s)
  v11 (6.05s)
  v12 (10.29s)
  v13 (6.81s)
  h14 kopje (2.25s)
  v14 (8.57s)
  v15 (9.85s)
  v16 (13.17s)
  v17 (8.77s)
  v18 (11.01s)
  manifest.json (22 segmenten)

=== 1johannes 1 stem v (10 verzen) ===
  intro (2.25s)
  h1 kopje (1.89s)
  v1 (9.65s)
  v2 (9.53s)
  v3 (11.85s)
  v4 (3.85s)
  h5 kopje (1.45s)
  v5 (9.33s)
  v6 (7.25s)
  v7 (10.53s)
  v8 (5.57s)
  v9 (8.25s)
  v10 (6.53s)
  manifest.json (13 segmenten)

=== 1johannes 2 stem v (29 verzen) ===
  intro (2.41s)
  h1 kopje (2.13s)
  v1 (10.45s)
  v2 (6.41s)
  h3 kopje (2.57s)
  v3 (4.65s)
  v4 (8.09s)
  v5 (8.17s)
  v6 (5.61s)
  v7 (10.73s)
  v8 (9.69s)
  v9 (5.49s)
  v10 (4.65s)
  v11 (9.81s)
  v12 (4.17s)
  v13 (12.49s)
  v14 (12.33s)
  h15 kopje (1.37s)
  v15 (7.49s)
  v16 (10.29s)
  v17 (6.89s)
  h18 kopje (2.13s)
  v18 (10.53s)
  v19 (13.73s)
  v20 (3.37s)
  v21 (7.89s)
  v22 (7.77s)
  v23 (3.33s)
  v24 (9.21s)
  v25 (4.77s)
  v26 (2.97s)
  v27 (15.77s)
  v28 (10.37s)
  v29 (7.25s)
  manifest.json (34 segmenten)

=== 1johannes 3 stem v (24 verzen) ===
  intro (2.17s)
  h1 kopje (1.05s)
  v1 (10.69s)
  v2 (14.81s)
  v3 (5.61s)
  v4 (5.93s)
  v5 (6.65s)
  v6 (8.21s)
  v7 (7.17s)
  v8 (10.37s)
  v9 (8.37s)
  v10 (9.89s)
  h11 kopje (1.77s)
  v11 (5.45s)
  v12 (10.09s)
  v13 (2.97s)
  v14 (8.25s)
  v15 (7.81s)
  v16 (7.41s)
  v17 (7.73s)
  v18 (5.73s)
  v19 (5.77s)
  v20 (4.93s)
  v21 (5.29s)
  v22 (7.25s)
  v23 (8.65s)
  v24 (10.89s)
  manifest.json (27 segmenten)

=== 1johannes 4 stem v (21 verzen) ===
  intro (2.65s)
  h1 kopje (1.21s)
  v1 (9.01s)
  v2 (8.21s)
  v3 (13.81s)
  v4 (6.69s)
  v5 (4.97s)
  v6 (10.69s)
  h7 kopje (0.97s)
  v7 (8.65s)
  v8 (4.09s)
  v9 (8.57s)
  v10 (8.73s)
  v11 (5.41s)
  v12 (8.17s)
  v13 (6.61s)
  v14 (6.89s)
  v15 (6.09s)
  v16 (9.45s)
  v17 (10.13s)
  v18 (9.21s)
  v19 (3.61s)
  v20 (11.65s)
  v21 (6.29s)
  manifest.json (24 segmenten)

=== 1johannes 5 stem v (21 verzen) ===
  intro (2.37s)
  h1 kopje (2.05s)
  v1 (11.97s)
  v2 (6.49s)
  v3 (5.85s)
  v4 (9.25s)
  v5 (5.73s)
  h6 kopje (1.73s)
  v6 (13.73s)
  v7 (7.93s)
  v8 (7.37s)
  v9 (9.41s)
  v10 (11.81s)
  v11 (7.53s)
  v12 (6.29s)
  h13 kopje (1.97s)
  v13 (11.25s)
  v14 (6.57s)
  v15 (8.29s)
  v16 (14.97s)
  v17 (4.09s)
  v18 (9.69s)
  v19 (4.29s)
  v20 (15.17s)
  v21 (3.13s)
  manifest.json (25 segmenten)

=== 2johannes 1 stem v (13 verzen) ===
  intro (2.37s)
  h1 kopje (2.21s)
  v1 (8.65s)
  v2 (4.65s)
  v3 (9.29s)
  h4 kopje (1.89s)
  v4 (7.73s)
  v5 (8.93s)
  v6 (8.85s)
  h7 kopje (1.93s)
  v7 (9.85s)
  v8 (5.89s)
  v9 (10.05s)
  v10 (7.25s)
  v11 (4.85s)
  h12 kopje (1.25s)
  v12 (10.49s)
  v13 (3.57s)
  manifest.json (18 segmenten)

=== 3johannes 1 stem v (15 verzen) ===
  intro (2.77s)
  h1 kopje (6.41s)
  v1 (3.93s)
  v2 (6.45s)
  v3 (7.29s)
  v4 (5.09s)
  h5 kopje (2.61s)
  v5 (4.81s)
  v6 (8.25s)
  v7 (4.01s)
  v8 (5.65s)
  h9 kopje (3.09s)
  v9 (6.01s)
  v10 (16.01s)
  h11 kopje (2.45s)
  v11 (8.33s)
  v12 (9.57s)
  h13 kopje (0.45s)
  v13 (3.81s)
  v14 (3.65s)
  v15 (4.25s)
  manifest.json (21 segmenten)

=== judas 1 stem v (25 verzen) ===
  intro (2.65s)
  h1 kopje (2.89s)
  v1 (9.77s)
  v2 (4.33s)
  v3 (13.09s)
  h4 kopje (2.77s)
  v4 (14.53s)
  v5 (9.93s)
  v6 (10.25s)
  v7 (12.73s)
  v8 (8.97s)
  v9 (11.81s)
  v10 (8.49s)
  v11 (10.09s)
  v12 (17.01s)
  v13 (8.49s)
  v14 (8.65s)
  v15 (14.05s)
  v16 (10.97s)
  h17 kopje (2.61s)
  v17 (5.81s)
  v18 (6.81s)
  v19 (7.01s)
  v20 (5.37s)
  v21 (7.37s)
  v22 (3.97s)
  v23 (6.93s)
  h24 kopje (1.97s)
  v24 (7.57s)
  v25 (9.65s)
  manifest.json (30 segmenten)

=== openbaring 1 stem v (20 verzen) ===
  intro (2.37s)
  h1 kopje (1.57s)
  v1 (12.57s)
  v2 (5.97s)
  v3 (9.73s)
  h4 kopje (1.57s)
  v4 (12.69s)
  v5 (13.09s)
  v6 (9.73s)
  v7 (12.33s)
  v8 (9.21s)
  h9 kopje (1.97s)
  v9 (15.57s)
  v10 (6.25s)
  v11 (18.81s)
  v12 (8.01s)
  v13 (9.41s)
  v14 (6.53s)
  v15 (6.97s)
  v16 (9.41s)
  v17 (9.01s)
  v18 (9.45s)
  v19 (4.69s)
  v20 (13.85s)
  manifest.json (24 segmenten)

=== openbaring 2 stem v (29 verzen) ===
  intro (2.33s)
  h1 kopje (1.65s)
  v1 (10.17s)
  v2 (13.77s)
  v3 (6.37s)
  v4 (3.21s)
  v5 (12.49s)
  v6 (5.05s)
  v7 (10.29s)
  h8 kopje (1.21s)
  v8 (8.57s)
  v9 (12.33s)
  v10 (15.53s)
  v11 (6.85s)
  h12 kopje (1.57s)
  v12 (7.01s)
  v13 (16.61s)
  v14 (14.29s)
  v15 (4.61s)
  v16 (7.13s)
  v17 (17.33s)
  h18 kopje (3.77s)
  v18 (10.25s)
  v19 (9.17s)
  v20 (12.61s)
  v21 (6.29s)
  v22 (7.33s)
  v23 (10.77s)
  v24 (12.13s)
  v25 (3.73s)
  v26 (6.25s)
  v27 (7.77s)
  v28 (2.37s)
  v29 (3.73s)
  manifest.json (34 segmenten)

=== openbaring 3 stem v (22 verzen) ===
  intro (3.89s)
  h1 kopje (1.45s)
  v1 (12.77s)
  v2 (7.09s)
  v3 (12.89s)
  v4 (8.85s)
  v5 (12.01s)
  v6 (3.69s)
  h7 kopje (1.61s)
  v7 (13.53s)
  v8 (11.33s)
  v9 (15.93s)
  v10 (10.13s)
  v11 (4.89s)
  v12 (17.77s)
  v13 (3.65s)
  h14 kopje (3.45s)
  v14 (8.85s)
  v15 (6.01s)
  v16 (5.69s)
  v17 (11.73s)
  v18 (16.05s)
  v19 (4.69s)
  v20 (10.45s)
  v21 (9.29s)
  v22 (4.29s)
  manifest.json (26 segmenten)

=== openbaring 4 stem v (11 verzen) ===
  intro (2.29s)
  h1 kopje (1.33s)
  v1 (13.89s)
  v2 (6.49s)
  v3 (9.61s)
  v4 (10.21s)
  v5 (9.89s)
  v6 (9.93s)
  v7 (9.89s)
  v8 (17.13s)
  v9 (7.89s)
  v10 (10.25s)
  v11 (10.77s)
  manifest.json (13 segmenten)

=== openbaring 5 stem v (14 verzen) ===
  intro (2.97s)
  h1 kopje (2.09s)
  v1 (8.97s)
  v2 (6.97s)
  v3 (6.81s)
  v4 (6.33s)
  v5 (12.61s)
  v6 (16.21s)
  v7 (6.13s)
  v8 (12.09s)
  v9 (13.49s)
  v10 (6.53s)
  v11 (12.17s)
  v12 (12.85s)
  v13 (17.61s)
  v14 (8.45s)
  manifest.json (16 segmenten)

=== openbaring 6 stem v (17 verzen) ===
  intro (2.57s)
  h1 kopje (1.57s)
  v1 (8.41s)
  v2 (10.33s)
  v3 (5.37s)
  v4 (11.97s)
  v5 (11.53s)
  v6 (10.09s)
  v7 (6.25s)
  v8 (17.01s)
  v9 (10.09s)
  v10 (9.41s)
  v11 (13.21s)
Traceback (most recent call last):
  File "/home/maarten/Documents/GitHub/website-open-bijbelvertaling/.venv-higgs-v3/lib/python3.12/site-packages/urllib3/connectionpool.py", line 534, in _make_request
    response = conn.getresponse()
               ^^^^^^^^^^^^^^^^^^
  File "/home/maarten/Documents/GitHub/website-open-bijbelvertaling/.venv-higgs-v3/lib/python3.12/site-packages/urllib3/connection.py", line 571, in getresponse
    httplib_response = super().getresponse()
                       ^^^^^^^^^^^^^^^^^^^^^
  File "/usr/lib/python3.12/http/client.py", line 1457, in getresponse
    response.begin()
  File "/usr/lib/python3.12/http/client.py", line 336, in begin
    version, status, reason = self._read_status()
                              ^^^^^^^^^^^^^^^^^^^
  File "/usr/lib/python3.12/http/client.py", line 297, in _read_status
    line = str(self.fp.readline(_MAXLINE + 1), "iso-8859-1")
               ^^^^^^^^^^^^^^^^^^^^^^^^^^^^^^
  File "/usr/lib/python3.12/socket.py", line 707, in readinto
    return self._sock.recv_into(b)
           ^^^^^^^^^^^^^^^^^^^^^^^
TimeoutError: timed out

The above exception was the direct cause of the following exception:

Traceback (most recent call last):
  File "/home/maarten/Documents/GitHub/website-open-bijbelvertaling/.venv-higgs-v3/lib/python3.12/site-packages/requests/adapters.py", line 696, in send
    resp = conn.urlopen(
           ^^^^^^^^^^^^^
  File "/home/maarten/Documents/GitHub/website-open-bijbelvertaling/.venv-higgs-v3/lib/python3.12/site-packages/urllib3/connectionpool.py", line 842, in urlopen
    retries = retries.increment(
              ^^^^^^^^^^^^^^^^^^
  File "/home/maarten/Documents/GitHub/website-open-bijbelvertaling/.venv-higgs-v3/lib/python3.12/site-packages/urllib3/util/retry.py", line 498, in increment
    raise reraise(type(error), error, _stacktrace)
          ^^^^^^^^^^^^^^^^^^^^^^^^^^^^^^^^^^^^^^^^
  File "/home/maarten/Documents/GitHub/website-open-bijbelvertaling/.venv-higgs-v3/lib/python3.12/site-packages/urllib3/util/util.py", line 39, in reraise
    raise value
  File "/home/maarten/Documents/GitHub/website-open-bijbelvertaling/.venv-higgs-v3/lib/python3.12/site-packages/urllib3/connectionpool.py", line 788, in urlopen
    response = self._make_request(
               ^^^^^^^^^^^^^^^^^^^
  File "/home/maarten/Documents/GitHub/website-open-bijbelvertaling/.venv-higgs-v3/lib/python3.12/site-packages/urllib3/connectionpool.py", line 536, in _make_request
    self._raise_timeout(err=e, url=url, timeout_value=read_timeout)
  File "/home/maarten/Documents/GitHub/website-open-bijbelvertaling/.venv-higgs-v3/lib/python3.12/site-packages/urllib3/connectionpool.py", line 367, in _raise_timeout
    raise ReadTimeoutError(
urllib3.exceptions.ReadTimeoutError: HTTPConnectionPool(host='127.0.0.1', port=8765): Read timed out. (read timeout=120)

During handling of the above exception, another exception occurred:

Traceback (most recent call last):
  File "<frozen runpy>", line 198, in _run_module_as_main
  File "<frozen runpy>", line 88, in _run_code
  File "/home/maarten/Documents/GitHub/website-open-bijbelvertaling/scripts/tts/generate_chunks.py", line 256, in <module>
    main()
  File "/home/maarten/Documents/GitHub/website-open-bijbelvertaling/scripts/tts/generate_chunks.py", line 244, in main
    generate_chapter(book, ch, args.voice, ref_audio, ref_text, args.force)
  File "/home/maarten/Documents/GitHub/website-open-bijbelvertaling/scripts/tts/generate_chunks.py", line 184, in generate_chapter
    d = synth(raw, outdir / f, ref_audio, ref_text)
        ^^^^^^^^^^^^^^^^^^^^^^^^^^^^^^^^^^^^^^^^^^^
  File "/home/maarten/Documents/GitHub/website-open-bijbelvertaling/scripts/tts/generate_chunks.py", line 115, in synth
    resp = requests.post(url, json=payload, headers={"Content-Type": "application/json"},
           ^^^^^^^^^^^^^^^^^^^^^^^^^^^^^^^^^^^^^^^^^^^^^^^^^^^^^^^^^^^^^^^^^^^^^^^^^^^^^^
  File "/home/maarten/Documents/GitHub/website-open-bijbelvertaling/.venv-higgs-v3/lib/python3.12/site-packages/requests/api.py", line 134, in post
    return request("post", url, data=data, json=json, **kwargs)
           ^^^^^^^^^^^^^^^^^^^^^^^^^^^^^^^^^^^^^^^^^^^^^^^^^^^^
  File "/home/maarten/Documents/GitHub/website-open-bijbelvertaling/.venv-higgs-v3/lib/python3.12/site-packages/requests/api.py", line 71, in request
    return session.request(method=method, url=url, **kwargs)
           ^^^^^^^^^^^^^^^^^^^^^^^^^^^^^^^^^^^^^^^^^^^^^^^^^
  File "/home/maarten/Documents/GitHub/website-open-bijbelvertaling/.venv-higgs-v3/lib/python3.12/site-packages/requests/sessions.py", line 651, in request
    resp = self.send(prep, **send_kwargs)
           ^^^^^^^^^^^^^^^^^^^^^^^^^^^^^^
  File "/home/maarten/Documents/GitHub/website-open-bijbelvertaling/.venv-higgs-v3/lib/python3.12/site-packages/requests/sessions.py", line 784, in send
    r = adapter.send(request, **kwargs)
        ^^^^^^^^^^^^^^^^^^^^^^^^^^^^^^^
  File "/home/maarten/Documents/GitHub/website-open-bijbelvertaling/.venv-higgs-v3/lib/python3.12/site-packages/requests/adapters.py", line 742, in send
    raise ReadTimeout(e, request=request)
requests.exceptions.ReadTimeout: HTTPConnectionPool(host='127.0.0.1', port=8765): Read timed out. (read timeout=120)
[sup] NT/v: 243/260 (04:59)
Server starten: /home/maarten/Documents/GitHub/website-open-bijbelvertaling/.venv-higgs-v3/bin/sgl-omni serve --model-path bosonai/higgs-audio-v3-tts-4b --port 8765 --host 127.0.0.1 --model-name higgs-audio-v3-tts
Wachten op server (max 360s)...
[server] WARNING:sglang_omni.models.higgs_tts._vendored.higgs_audio_v2_tokenizer_hf:Could not determine semantic model type from config architecture. Defaulting to `HubertConfig`.
[server] WARNING:sglang.srt.models.registry:Ignore import error when loading sglang.srt.models.glmasr: cannot import name 'GlmAsrConfig' from 'transformers' (/home/maarten/Documents/GitHub/website-open-bijbelvertaling/.venv-higgs-v3/lib/python3.12/site-packages/transformers/__init__.py)
[server] [Gloo] Rank 0 is connected to 0 peer ranks. Expected number of connected peer ranks is : 0
[server] [Gloo] Rank 0 is connected to 0 peer ranks. Expected number of connected peer ranks is : 0
[server] [Gloo] Rank 0 is connected to 0 peer ranks. Expected number of connected peer ranks is : 0
[server] [Gloo] Rank 0 is connected to 0 peer ranks. Expected number of connected peer ranks is : 0
Server luistert op poort.
  overslaan (up-to-date): mattheus 1 v
  overslaan (up-to-date): mattheus 2 v
  overslaan (up-to-date): mattheus 3 v
  overslaan (up-to-date): mattheus 4 v
  overslaan (up-to-date): mattheus 5 v
  overslaan (up-to-date): mattheus 6 v
  overslaan (up-to-date): mattheus 7 v
  overslaan (up-to-date): mattheus 8 v
  overslaan (up-to-date): mattheus 9 v
  overslaan (up-to-date): mattheus 10 v
  overslaan (up-to-date): mattheus 11 v
  overslaan (up-to-date): mattheus 12 v
  overslaan (up-to-date): mattheus 13 v
  overslaan (up-to-date): mattheus 14 v
  overslaan (up-to-date): mattheus 15 v
  overslaan (up-to-date): mattheus 16 v
  overslaan (up-to-date): mattheus 17 v
  overslaan (up-to-date): mattheus 18 v
  overslaan (up-to-date): mattheus 19 v
  overslaan (up-to-date): mattheus 20 v
  overslaan (up-to-date): mattheus 21 v
  overslaan (up-to-date): mattheus 22 v
  overslaan (up-to-date): mattheus 23 v
  overslaan (up-to-date): mattheus 24 v
  overslaan (up-to-date): mattheus 25 v
  overslaan (up-to-date): mattheus 26 v
  overslaan (up-to-date): mattheus 27 v
  overslaan (up-to-date): mattheus 28 v
  overslaan (up-to-date): markus 1 v
  overslaan (up-to-date): markus 2 v
  overslaan (up-to-date): markus 3 v
  overslaan (up-to-date): markus 4 v
  overslaan (up-to-date): markus 5 v
  overslaan (up-to-date): markus 6 v
  overslaan (up-to-date): markus 7 v
  overslaan (up-to-date): markus 8 v
  overslaan (up-to-date): markus 9 v
  overslaan (up-to-date): markus 10 v
  overslaan (up-to-date): markus 11 v
  overslaan (up-to-date): markus 12 v
  overslaan (up-to-date): markus 13 v
  overslaan (up-to-date): markus 14 v
  overslaan (up-to-date): markus 15 v
  overslaan (up-to-date): markus 16 v
  overslaan (up-to-date): lukas 1 v
  overslaan (up-to-date): lukas 2 v
  overslaan (up-to-date): lukas 3 v
  overslaan (up-to-date): lukas 4 v
  overslaan (up-to-date): lukas 5 v
  overslaan (up-to-date): lukas 6 v
  overslaan (up-to-date): lukas 7 v
  overslaan (up-to-date): lukas 8 v
  overslaan (up-to-date): lukas 9 v
  overslaan (up-to-date): lukas 10 v
  overslaan (up-to-date): lukas 11 v
  overslaan (up-to-date): lukas 12 v
  overslaan (up-to-date): lukas 13 v
  overslaan (up-to-date): lukas 14 v
  overslaan (up-to-date): lukas 15 v
  overslaan (up-to-date): lukas 16 v
  overslaan (up-to-date): lukas 17 v
  overslaan (up-to-date): lukas 18 v
  overslaan (up-to-date): lukas 19 v
  overslaan (up-to-date): lukas 20 v
  overslaan (up-to-date): lukas 21 v
  overslaan (up-to-date): lukas 22 v
  overslaan (up-to-date): lukas 23 v
  overslaan (up-to-date): lukas 24 v
  overslaan (up-to-date): johannes 1 v
  overslaan (up-to-date): johannes 2 v
  overslaan (up-to-date): johannes 3 v
  overslaan (up-to-date): johannes 4 v
  overslaan (up-to-date): johannes 5 v
  overslaan (up-to-date): johannes 6 v
  overslaan (up-to-date): johannes 7 v
  overslaan (up-to-date): johannes 8 v
  overslaan (up-to-date): johannes 9 v
  overslaan (up-to-date): johannes 10 v
  overslaan (up-to-date): johannes 11 v
  overslaan (up-to-date): johannes 12 v
  overslaan (up-to-date): johannes 13 v
  overslaan (up-to-date): johannes 14 v
  overslaan (up-to-date): johannes 15 v
  overslaan (up-to-date): johannes 16 v
  overslaan (up-to-date): johannes 17 v
  overslaan (up-to-date): johannes 18 v
  overslaan (up-to-date): johannes 19 v
  overslaan (up-to-date): johannes 20 v
  overslaan (up-to-date): johannes 21 v
  overslaan (up-to-date): handelingen 1 v
  overslaan (up-to-date): handelingen 2 v
  overslaan (up-to-date): handelingen 3 v
  overslaan (up-to-date): handelingen 4 v
  overslaan (up-to-date): handelingen 5 v
  overslaan (up-to-date): handelingen 6 v
  overslaan (up-to-date): handelingen 7 v
  overslaan (up-to-date): handelingen 8 v
  overslaan (up-to-date): handelingen 9 v
  overslaan (up-to-date): handelingen 10 v
  overslaan (up-to-date): handelingen 11 v
  overslaan (up-to-date): handelingen 12 v
  overslaan (up-to-date): handelingen 13 v
  overslaan (up-to-date): handelingen 14 v
  overslaan (up-to-date): handelingen 15 v
  overslaan (up-to-date): handelingen 16 v
  overslaan (up-to-date): handelingen 17 v
  overslaan (up-to-date): handelingen 18 v
  overslaan (up-to-date): handelingen 19 v
  overslaan (up-to-date): handelingen 20 v
  overslaan (up-to-date): handelingen 21 v
  overslaan (up-to-date): handelingen 22 v
  overslaan (up-to-date): handelingen 23 v
  overslaan (up-to-date): handelingen 24 v
  overslaan (up-to-date): handelingen 25 v
  overslaan (up-to-date): handelingen 26 v
  overslaan (up-to-date): handelingen 27 v
  overslaan (up-to-date): handelingen 28 v
  overslaan (up-to-date): romeinen 1 v
  overslaan (up-to-date): romeinen 2 v
  overslaan (up-to-date): romeinen 3 v
  overslaan (up-to-date): romeinen 4 v
  overslaan (up-to-date): romeinen 5 v
  overslaan (up-to-date): romeinen 6 v
  overslaan (up-to-date): romeinen 7 v
  overslaan (up-to-date): romeinen 8 v
  overslaan (up-to-date): romeinen 9 v
  overslaan (up-to-date): romeinen 10 v
  overslaan (up-to-date): romeinen 11 v
  overslaan (up-to-date): romeinen 12 v
  overslaan (up-to-date): romeinen 13 v
  overslaan (up-to-date): romeinen 14 v
  overslaan (up-to-date): romeinen 15 v
  overslaan (up-to-date): romeinen 16 v
  overslaan (up-to-date): 1korinthiers 1 v
  overslaan (up-to-date): 1korinthiers 2 v
  overslaan (up-to-date): 1korinthiers 3 v
  overslaan (up-to-date): 1korinthiers 4 v
  overslaan (up-to-date): 1korinthiers 5 v
  overslaan (up-to-date): 1korinthiers 6 v
  overslaan (up-to-date): 1korinthiers 7 v
  overslaan (up-to-date): 1korinthiers 8 v
  overslaan (up-to-date): 1korinthiers 9 v
  overslaan (up-to-date): 1korinthiers 10 v
  overslaan (up-to-date): 1korinthiers 11 v
  overslaan (up-to-date): 1korinthiers 12 v
  overslaan (up-to-date): 1korinthiers 13 v
  overslaan (up-to-date): 1korinthiers 14 v
  overslaan (up-to-date): 1korinthiers 15 v
  overslaan (up-to-date): 1korinthiers 16 v
  overslaan (up-to-date): 2korinthiers 1 v
  overslaan (up-to-date): 2korinthiers 2 v
  overslaan (up-to-date): 2korinthiers 3 v
  overslaan (up-to-date): 2korinthiers 4 v
  overslaan (up-to-date): 2korinthiers 5 v
  overslaan (up-to-date): 2korinthiers 6 v
  overslaan (up-to-date): 2korinthiers 7 v
  overslaan (up-to-date): 2korinthiers 8 v
  overslaan (up-to-date): 2korinthiers 9 v
  overslaan (up-to-date): 2korinthiers 10 v
  overslaan (up-to-date): 2korinthiers 11 v
  overslaan (up-to-date): 2korinthiers 12 v
  overslaan (up-to-date): 2korinthiers 13 v
  overslaan (up-to-date): galaten 1 v
  overslaan (up-to-date): galaten 2 v
  overslaan (up-to-date): galaten 3 v
  overslaan (up-to-date): galaten 4 v
  overslaan (up-to-date): galaten 5 v
  overslaan (up-to-date): galaten 6 v
  overslaan (up-to-date): efeziers 1 v
  overslaan (up-to-date): efeziers 2 v
  overslaan (up-to-date): efeziers 3 v
  overslaan (up-to-date): efeziers 4 v
  overslaan (up-to-date): efeziers 5 v
  overslaan (up-to-date): efeziers 6 v
  overslaan (up-to-date): filippenzen 1 v
  overslaan (up-to-date): filippenzen 2 v
  overslaan (up-to-date): filippenzen 3 v
  overslaan (up-to-date): filippenzen 4 v
  overslaan (up-to-date): kolossenzen 1 v
  overslaan (up-to-date): kolossenzen 2 v
  overslaan (up-to-date): kolossenzen 3 v
  overslaan (up-to-date): kolossenzen 4 v
  overslaan (up-to-date): 1tessalonicensen 1 v
  overslaan (up-to-date): 1tessalonicensen 2 v
  overslaan (up-to-date): 1tessalonicensen 3 v
  overslaan (up-to-date): 1tessalonicensen 4 v
  overslaan (up-to-date): 1tessalonicensen 5 v
  overslaan (up-to-date): 2tessalonicensen 1 v
  overslaan (up-to-date): 2tessalonicensen 2 v
  overslaan (up-to-date): 2tessalonicensen 3 v
  overslaan (up-to-date): 1timotheus 1 v
  overslaan (up-to-date): 1timotheus 2 v
  overslaan (up-to-date): 1timotheus 3 v
  overslaan (up-to-date): 1timotheus 4 v
  overslaan (up-to-date): 1timotheus 5 v
  overslaan (up-to-date): 1timotheus 6 v
  overslaan (up-to-date): 2timotheus 1 v
  overslaan (up-to-date): 2timotheus 2 v
  overslaan (up-to-date): 2timotheus 3 v
  overslaan (up-to-date): 2timotheus 4 v
  overslaan (up-to-date): titus 1 v
  overslaan (up-to-date): titus 2 v
  overslaan (up-to-date): titus 3 v
  overslaan (up-to-date): filemon 1 v
  overslaan (up-to-date): hebreeen 1 v
  overslaan (up-to-date): hebreeen 2 v
  overslaan (up-to-date): hebreeen 3 v
  overslaan (up-to-date): hebreeen 4 v
  overslaan (up-to-date): hebreeen 5 v
  overslaan (up-to-date): hebreeen 6 v
  overslaan (up-to-date): hebreeen 7 v
  overslaan (up-to-date): hebreeen 8 v
  overslaan (up-to-date): hebreeen 9 v
  overslaan (up-to-date): hebreeen 10 v
  overslaan (up-to-date): hebreeen 11 v
  overslaan (up-to-date): hebreeen 12 v
  overslaan (up-to-date): hebreeen 13 v
  overslaan (up-to-date): jakobus 1 v
  overslaan (up-to-date): jakobus 2 v
  overslaan (up-to-date): jakobus 3 v
  overslaan (up-to-date): jakobus 4 v
  overslaan (up-to-date): jakobus 5 v
  overslaan (up-to-date): 1petrus 1 v
  overslaan (up-to-date): 1petrus 2 v
  overslaan (up-to-date): 1petrus 3 v
  overslaan (up-to-date): 1petrus 4 v
  overslaan (up-to-date): 1petrus 5 v
  overslaan (up-to-date): 2petrus 1 v
  overslaan (up-to-date): 2petrus 2 v
  overslaan (up-to-date): 2petrus 3 v
  overslaan (up-to-date): 1johannes 1 v
  overslaan (up-to-date): 1johannes 2 v
  overslaan (up-to-date): 1johannes 3 v
  overslaan (up-to-date): 1johannes 4 v
  overslaan (up-to-date): 1johannes 5 v
  overslaan (up-to-date): 2johannes 1 v
  overslaan (up-to-date): 3johannes 1 v
  overslaan (up-to-date): judas 1 v
  overslaan (up-to-date): openbaring 1 v
  overslaan (up-to-date): openbaring 2 v
  overslaan (up-to-date): openbaring 3 v
  overslaan (up-to-date): openbaring 4 v
  overslaan (up-to-date): openbaring 5 v

=== openbaring 6 stem v (17 verzen) ===
  intro (2.45s)
  h1 kopje (1.57s)
  v1 (8.29s)
  v2 (10.09s)
  v3 (5.57s)
  v4 (11.57s)
  v5 (11.49s)
  v6 (10.41s)
  v7 (7.29s)
  v8 (17.41s)
  v9 (10.13s)
  v10 (9.81s)
  v11 (13.37s)
  v12 (9.25s)
  v13 (7.93s)
  v14 (7.01s)
  v15 (13.33s)
  v16 (9.69s)
  v17 (3.89s)
  manifest.json (19 segmenten)

=== openbaring 7 stem v (17 verzen) ===
  intro (2.49s)
  h1 kopje (1.45s)
  v1 (11.69s)
  v2 (12.49s)
  v3 (8.65s)
  v4 (8.77s)
  v5 (10.77s)
  v6 (11.01s)
  v7 (10.85s)
  v8 (11.05s)
  h9 kopje (2.01s)
  v9 (16.33s)
  v10 (6.21s)
  v11 (8.61s)
  v12 (13.33s)
  v13 (8.61s)
  v14 (13.05s)
  v15 (7.69s)
  v16 (6.33s)
  v17 (10.89s)
  manifest.json (20 segmenten)

=== openbaring 8 stem v (13 verzen) ===
  intro (2.73s)
  h1 kopje (2.89s)
  v1 (6.89s)
  v2 (5.09s)
  v3 (12.97s)
  v4 (6.09s)
  v5 (10.29s)
  v6 (4.53s)
  v7 (11.17s)
  v8 (9.25s)
  v9 (6.69s)
  v10 (11.49s)
  v11 (10.17s)
  v12 (15.85s)
  v13 (14.09s)
  manifest.json (15 segmenten)

=== openbaring 9 stem v (21 verzen) ===
  intro (3.41s)
  h1 kopje (1.65s)
  v1 (9.01s)
  v2 (10.81s)
  v3 (6.73s)
  v4 (11.97s)
  v5 (11.89s)
  v6 (8.05s)
  v7 (11.49s)
  v8 (4.33s)
  v9 (9.01s)
  v10 (7.21s)
  v11 (9.41s)
  v12 (4.01s)
  v13 (7.25s)
  v14 (7.93s)
  v15 (9.77s)
  v16 (6.73s)
  v17 (15.69s)
  v18 (8.81s)
  v19 (8.57s)
  v20 (16.65s)
  v21 (8.13s)
  manifest.json (23 segmenten)

=== openbaring 10 stem v (11 verzen) ===
  intro (3.05s)
  h1 kopje (2.21s)
  v1 (12.53s)
  v2 (6.85s)
  v3 (7.25s)
  v4 (11.93s)
  v5 (5.25s)
  v6 (12.25s)
  v7 (9.73s)
  v8 (10.57s)
  v9 (11.81s)
  v10 (8.29s)
  v11 (6.89s)
  manifest.json (13 segmenten)

=== openbaring 11 stem v (19 verzen) ===
  intro (2.49s)
  h1 kopje (1.25s)
  v1 (10.85s)
  v2 (9.61s)
  v3 (7.69s)
  v4 (5.33s)
  v5 (9.37s)
  v6 (14.09s)
  v7 (9.41s)
  v8 (9.21s)
  v9 (11.97s)
  v10 (11.93s)
  v11 (10.73s)
  v12 (9.01s)
  v13 (14.13s)
  v14 (4.13s)
  h15 kopje (1.25s)
  v15 (13.65s)
  v16 (6.97s)
  v17 (11.09s)
  v18 (17.45s)
  v19 (12.17s)
  manifest.json (22 segmenten)

=== openbaring 12 stem v (18 verzen) ===
  intro (2.21s)
  h1 kopje (1.37s)
  v1 (9.77s)
  v2 (5.49s)
  v3 (10.85s)
  v4 (10.89s)
  v5 (8.05s)
  v6 (8.61s)
  h7 kopje (1.17s)
  v7 (6.93s)
  v8 (3.89s)
  v9 (13.21s)
  v10 (16.93s)
  v11 (7.49s)
  v12 (14.69s)
  v13 (6.45s)
  v14 (13.25s)
  v15 (6.93s)
  v16 (7.25s)
  v17 (9.53s)
  v18 (1.89s)
  manifest.json (21 segmenten)

=== openbaring 13 stem v (18 verzen) ===
  intro (2.69s)
  h1 kopje (1.25s)
  v1 (10.21s)
  v2 (11.85s)
  v3 (8.37s)
  v4 (9.77s)
  v5 (8.49s)
  v6 (7.29s)
  v7 (8.89s)
  v8 (10.09s)
  v9 (2.41s)
  v10 (11.05s)
  h11 kopje (1.41s)
  v11 (7.57s)
  v12 (10.97s)
  v13 (5.85s)
  v14 (15.33s)
  v15 (11.73s)
  v16 (10.81s)
  v17 (6.89s)
  v18 (9.77s)
  manifest.json (21 segmenten)

=== openbaring 14 stem v (20 verzen) ===
  intro (2.89s)
  h1 kopje (2.69s)
  v1 (10.89s)
  v2 (11.13s)
  v3 (11.57s)
  v4 (12.61s)
  v5 (5.25s)
  h6 kopje (1.53s)
  v6 (12.45s)
  v7 (13.37s)
  v8 (11.57s)
  v9 (10.57s)
  v10 (11.45s)
  v11 (10.37s)
  v12 (6.77s)
  v13 (13.21s)
  h14 kopje (2.13s)
  v14 (11.45s)
  v15 (14.13s)
  v16 (4.77s)
  v17 (5.21s)
  v18 (15.97s)
  v19 (8.93s)
  v20 (9.17s)
  manifest.json (24 segmenten)

=== openbaring 15 stem v (8 verzen) ===
  intro (2.69s)
  h1 kopje (1.77s)
  v1 (9.49s)
  v2 (13.13s)
  v3 (14.73s)
  v4 (11.29s)
  h5 kopje (2.29s)
  v5 (7.09s)
  v6 (10.05s)
  v7 (8.97s)
  v8 (10.45s)
  manifest.json (11 segmenten)

=== openbaring 16 stem v (21 verzen) ===
  intro (2.45s)
  h1 kopje (1.77s)
  v1 (8.29s)
  v2 (9.77s)
  v3 (7.33s)
  v4 (6.73s)
  v5 (9.49s)
  v6 (7.97s)
  v7 (7.69s)
  v8 (6.09s)
  v9 (9.81s)
  v10 (7.97s)
  v11 (6.93s)
  v12 (10.89s)
  v13 (9.01s)
  v14 (11.41s)
  v15 (9.21s)
  v16 (5.49s)
  v17 (8.97s)
  v18 (12.61s)
  v19 (12.25s)
  v20 (3.41s)
  v21 (11.33s)
  manifest.json (23 segmenten)

=== openbaring 17 stem v (18 verzen) ===
  intro (2.41s)
  h1 kopje (2.21s)
  v1 (11.37s)
  v2 (6.65s)
  v3 (11.57s)
  v4 (14.17s)
  v5 (8.17s)
  v6 (10.37s)
  v7 (9.77s)
  v8 (19.45s)
  v9 (7.09s)
  v10 (9.45s)
  v11 (7.05s)
  v12 (10.21s)
  v13 (4.57s)
  v14 (13.05s)
  v15 (9.17s)
  v16 (10.57s)
  v17 (11.33s)
  v18 (6.25s)
  manifest.json (20 segmenten)

=== openbaring 18 stem v (24 verzen) ===
  intro (2.89s)
  h1 kopje (1.49s)
  v1 (8.33s)
  v2 (14.93s)
  v3 (10.69s)
  v4 (9.69s)
  v5 (6.81s)
  v6 (9.53s)
  v7 (13.85s)
  v8 (10.65s)
  h9 kopje (1.65s)
  v9 (9.41s)
  v10 (9.61s)
  v11 (5.85s)
  v12 (20.97s)
  v13 (14.65s)
  v14 (9.17s)
  v15 (8.33s)
  v16 (14.85s)
  v17 (7.57s)
  v18 (5.85s)
  v19 (15.17s)
  v20 (8.13s)
  v21 (10.85s)
  v22 (16.77s)
  v23 (14.17s)
  v24 (6.37s)
  manifest.json (27 segmenten)

=== openbaring 19 stem v (21 verzen) ===
  intro (2.45s)
  h1 kopje (3.17s)
  v1 (11.17s)
  v2 (11.45s)
  v3 (4.73s)
  v4 (8.45s)
  v5 (8.65s)
  v6 (13.13s)
  v7 (9.01s)
  v8 (9.01s)
  v9 (10.61s)
  v10 (16.37s)
  h11 kopje (2.25s)
  v11 (11.01s)
  v12 (9.73s)
  v13 (7.17s)
  v14 (5.93s)
  v15 (12.61s)
  v16 (8.17s)
  v17 (12.49s)
  v18 (15.61s)
  v19 (9.29s)
  v20 (17.17s)
  v21 (8.41s)
  manifest.json (24 segmenten)

=== openbaring 20 stem v (15 verzen) ===
  intro (2.65s)
  h1 kopje (2.57s)
  v1 (6.37s)
  v2 (5.81s)
  v3 (13.01s)
  v4 (22.21s)
  v5 (8.09s)
  v6 (11.81s)
  h7 kopje (2.85s)
  v7 (5.01s)
  v8 (11.09s)
  v9 (10.45s)
  v10 (11.17s)
  v11 (9.01s)
  v12 (13.09s)
  v13 (9.13s)
  v14 (5.25s)
  v15 (6.13s)
  manifest.json (18 segmenten)

=== openbaring 21 stem v (27 verzen) ===
  intro (3.65s)
  h1 kopje (2.13s)
  v1 (7.69s)
  v2 (10.13s)
  v3 (12.09s)
  v4 (11.21s)
  v5 (9.01s)
  v6 (10.49s)
  v7 (6.61s)
  v8 (16.25s)
  h9 kopje (1.37s)
  v9 (12.37s)
  v10 (9.45s)
  v11 (8.97s)
  v12 (11.13s)
  v13 (7.17s)
  v14 (5.85s)
  v15 (6.61s)
  v16 (12.13s)
  v17 (5.77s)
  v18 (6.05s)
  v19 (13.13s)
  v20 (12.73s)
  v21 (9.33s)
  v22 (6.29s)
  v23 (8.17s)
  v24 (7.85s)
  v25 (4.41s)
  v26 (3.33s)
  v27 (9.65s)
  manifest.json (30 segmenten)

=== openbaring 22 stem v (21 verzen) ===
  intro (3.37s)
  h1 kopje (2.05s)
  v1 (8.57s)
  v2 (13.97s)
  v3 (8.37s)
  v4 (4.37s)
  v5 (9.61s)
  h6 kopje (2.41s)
  v6 (10.73s)
  v7 (6.29s)
  v8 (11.13s)
  v9 (11.09s)
  v10 (5.65s)
  v11 (12.21s)
  v12 (6.61s)
  v13 (6.17s)
  v14 (7.61s)
  v15 (9.89s)
  v16 (9.41s)
  v17 (9.33s)
  v18 (10.33s)
  v19 (10.29s)
  v20 (7.25s)
  v21 (4.25s)
  manifest.json (24 segmenten)

Klaar.
[sup] NT/v: 260/260 (05:19)
[sup] v KLAAR
